datetime,tempmax,tempmin,temp,feelslikemax,feelslikemin,feelslike,dew,humidity,precip,precipprob,precipcover,preciptype,windspeed,windspeedmax,windspeedmin,winddir,sealevelpressure,cloudcover,visibility,uvindex,description
2023-01-01,26,14.8,20.1,26,14.8,20.1,10.6,56.7,0,0,0,,36.2,36.2,0.5,75.5,1022.6,51.6,10.3,10,Partly cloudy throughout the day.
2023-01-02,23,14.8,18.5,23,14.8,18.5,11.8,66.2,0,0,0,rain,36.5,36.5,1.3,75.5,1022.2,66.4,10.3,8,Partly cloudy throughout the day.
2023-01-03,22.1,16,18.5,22.1,16,18.5,14,76.1,0,0,0,rain,38.3,38.3,1.7,73,1022.5,75.1,10,8,Partly cloudy throughout the day.
2023-01-04,21.1,16,17.9,21.1,16,17.9,14.2,80.1,0,0,0,rain,27.7,27.7,1.1,68.3,1022.4,83.6,10.1,6,Partly cloudy throughout the day.
2023-01-05,24,14.9,18.6,24,14.9,18.6,11.3,65.5,0,0,0,,31.7,31.7,1.1,54.1,1022,70.8,10.1,9,Partly cloudy throughout the day.
2023-01-06,26.1,12,20.2,26.1,12,20.2,8.6,50.2,0,0,0,,27.5,27.5,0,67.7,1022.1,23.5,10.3,10,Partly cloudy throughout the day.
2023-01-07,26.1,14,20.4,26.1,14,20.4,10,54.2,0,0,0,,37.6,37.6,0.2,61.4,1021.4,24.6,10.3,10,Partly cloudy throughout the day.
2023-01-08,27,15.9,20.9,26.8,15.9,20.9,12.2,59.2,0,0,0,rain,32.8,32.8,0.6,61.2,1020.7,46.6,10.4,9,Partly cloudy throughout the day.
2023-01-09,26.1,16.1,20.5,26.1,16.1,20.5,13.4,66.4,0,0,0,rain,29.5,29.5,1.1,61.9,1021.5,71.1,10.3,9,Partly cloudy throughout the day.
2023-01-10,25,16.1,20.6,25,16.1,20.6,12.7,63.3,0,0,0,rain,27.5,27.5,0.9,62.9,1022.3,73.3,10.2,10,Partly cloudy throughout the day.
2023-01-11,26.1,15.6,20.7,26.1,15.6,20.7,12.5,62,0,0,0,rain,37.6,37.6,1.6,62.5,1021.6,60.3,10.3,10,Partly cloudy throughout the day.
2023-01-12,26.9,15.9,21.1,26.5,15.9,21.1,11.9,57.8,0,0,0,,32.8,32.8,0.6,63.6,1020,58,10.2,9,Partly cloudy throughout the day.
2023-01-13,27,14,20.8,26.3,14,20.8,10.4,55.8,0,0,0,,27.5,27.5,0.4,62.7,1020.3,56.9,10.8,10,Clearing in the afternoon.
2023-01-14,26,15.7,20.7,26,15.7,20.7,8.5,47.8,0,0,0,,35.4,35.4,0.6,68.9,1021.1,46.7,10.3,10,Clearing in the afternoon.
2023-01-15,26.1,14,20.4,26.1,14,20.4,8.9,49.6,0,0,0,,36.2,36.2,0,57.2,1020.4,22.9,10.3,10,Partly cloudy throughout the day.
2023-01-16,27,14,20.6,26.3,14,20.5,9.2,50.4,0,0,0,,36.2,36.2,0,65.7,1020.2,28.5,10.3,10,Partly cloudy throughout the day.
2023-01-17,26.1,13.9,20.3,26.1,13.9,20.3,10.5,57.3,0,0,0,,35.2,35.2,0.9,62.1,1020.7,57.9,10.3,8,Partly cloudy throughout the day.
2023-01-18,29,13,21.9,27.4,13,21.5,6.2,42.8,0,0,0,,34.8,34.8,0.6,56.3,1020.6,27.7,10.3,10,Partly cloudy throughout the day.
2023-01-19,28.1,15.1,22.1,26.8,15.1,22,7.1,40.5,0,0,0,,21.9,21.9,0.9,62.2,1019.8,38.9,10.3,10,Partly cloudy throughout the day.
2023-01-20,28.1,16,21.9,27.1,16,21.8,10.9,52.5,0,0,0,,32.4,32.4,0.6,63.3,1019.6,31.8,10.4,10,Partly cloudy throughout the day.
2023-01-21,27.1,15,21.5,26.5,15,21.5,10.1,51.7,0,0,0,,37.1,37.1,0,63,1019.1,26.1,10.2,10,Partly cloudy throughout the day.
2023-01-22,25.1,13.8,20,25.1,13.8,20,9.6,52.6,0,0,0,,32.4,32.4,0,60.1,1019.7,70.2,10.2,10,Partly cloudy throughout the day.
2023-01-23,26,16.9,20.7,26,16.9,20.7,11.9,58.7,0,0,0,rain,28.7,28.7,0.9,65.8,1018.9,75.6,10.2,9,Partly cloudy throughout the day.
2023-01-24,26.1,13.8,20.3,26.1,13.8,20.3,11.6,61.2,0,0,0,,27.5,27.5,0,62.6,1020.2,79.4,10.7,9,Partly cloudy throughout the day.
2023-01-25,28,15.9,21.7,26.8,15.9,21.5,9.4,48.7,0,0,0,,32.4,32.4,1.1,64.6,1019.1,52.6,10.3,10,Partly cloudy throughout the day.
2023-01-26,29,14.8,21.7,27.4,14.8,21.3,6.8,43.8,0,0,0,,32.8,32.8,0.4,57.7,1018.4,37,10.4,10,Partly cloudy throughout the day.
2023-01-27,26.3,14.8,21.5,26.3,14.8,21.5,8.7,45.2,0,0,0,,33.1,33.1,0,72.9,1019.3,55.2,10.5,10,Partly cloudy throughout the day.
2023-01-28,27.2,12.6,20.9,26.4,12.6,20.9,8.7,49.3,0,0,0,,34.7,34.7,0.6,70.6,1019.5,19,10.8,10,Clear conditions throughout the day.
2023-01-29,28,14.8,21.2,26.8,14.8,21.1,7.7,45,0,0,0,,35.8,35.8,0,70.5,1019.5,12.4,10.3,10,Clear conditions throughout the day.
2023-01-30,28,12.9,21.3,27,12.9,21.2,8.3,46.2,0,0,0,,33.5,33.5,0,67.2,1020.4,23.2,10.5,10,Partly cloudy throughout the day.
2023-01-31,28,15.6,21.8,26.9,15.6,21.7,9.3,48,0,0,0,,26.9,26.9,1.5,65.3,1020.1,44.1,10.4,9,Partly cloudy throughout the day.
2023-02-01,30,16,23,28.1,16,22.6,9.8,49,0,0,0,,33.5,33.5,0.9,85.4,1020.4,57.7,10.4,9,Partly cloudy throughout the day.
2023-02-02,29.9,19,23.6,28.1,19,23.2,9.3,45.1,0,0,0,,25.9,25.9,8.5,66.7,1020.3,66.7,10.5,9,Partly cloudy throughout the day.
2023-02-03,29.1,13.9,22.7,27.4,13.9,22.2,4.8,39.4,0,0,0,,36.5,36.5,0.6,58.5,1021,22.8,10.3,10,Partly cloudy throughout the day.
2023-02-04,30,14.1,22.8,28.2,14.1,22.3,5.9,38.5,0,0,0,,36.5,36.5,0.6,70.1,1020.1,17.2,10.4,10,Clear conditions throughout the day.
2023-02-05,30,16.9,23.1,28.2,16.9,22.7,8,43.7,0,0,0,,22.5,22.5,0.4,70.8,1019.3,40.4,10.3,10,Partly cloudy throughout the day.
2023-02-06,30,14.9,22.7,28.1,14.9,22.3,5.9,40.3,0,0,0,,31.4,31.4,0,59.3,1019.1,35.6,10.3,10,Partly cloudy throughout the day.
2023-02-07,29,15,22.2,27.6,15,22,10,49.4,0,0,0,,33,33,0,70,1019.6,37.4,10.3,10,Partly cloudy throughout the day.
2023-02-08,28.1,16,22.1,27.3,16,22,11.5,52.9,0,0,0,,27.9,27.9,0.4,54.6,1020.8,42.2,10.2,9,Partly cloudy throughout the day.
2023-02-09,28.1,16,22,27.1,16,21.9,10.9,51.6,0,0,0,,35.8,35.8,0.6,54.9,1021.4,38.2,10.2,9,Partly cloudy throughout the day.
2023-02-10,29.1,14.8,22.6,27.6,14.8,22.2,8,44.7,0,0,0,,36,36,0,62.9,1021.4,23,10.3,10,Partly cloudy throughout the day.
2023-02-11,28.1,16,22.1,27,16,21.9,9.3,46.8,0,0,0,,45.2,45.2,0.4,61.8,1021.9,55.3,10.3,10,Partly cloudy throughout the day.
2023-02-12,28,15,21.7,26.9,15,21.5,7.9,44.3,0,0,0,,35.5,35.5,0,61.9,1021.7,34.2,10.3,10,Partly cloudy throughout the day.
2023-02-13,28.1,13.1,21.4,26.7,13.1,21.2,5.3,39.1,0,0,0,,35.8,35.8,0.2,65.4,1021.1,22.5,10.3,10,Partly cloudy throughout the day.
2023-02-14,28.1,15.9,21.9,26.9,15.9,21.6,7.6,42.8,0,0,0,,22.3,22.3,1.1,59,1020.1,42.6,10.3,10,Partly cloudy throughout the day.
2023-02-15,28.9,16.9,22.5,27.4,16.9,22.2,8,42.4,0,0,0,,31.6,31.6,0.9,66.5,1018.5,32,10.3,10,Partly cloudy throughout the day.
2023-02-16,29,17.9,22.7,27.7,17.9,22.5,10.1,47.2,0,0,0,,35.8,35.8,0.9,68.8,1018.6,64.2,10.3,9,Partly cloudy throughout the day.
2023-02-17,28,15.8,21.7,27,15.8,21.5,9.7,49.8,0,0,0,,37.1,37.1,0.4,65.2,1019.9,79.2,10.3,10,Partly cloudy throughout the day.
2023-02-18,26.1,15.8,20.8,26.1,15.8,20.8,10.6,53.9,0,0,0,,32.1,32.1,0.4,69.4,1020.4,47.7,10.3,10,Partly cloudy throughout the day.
2023-02-19,28.1,16.8,21.6,27.1,16.8,21.5,10.8,52.3,0,0,0,,36.2,36.2,1.1,58.3,1020.6,42.9,10.4,10,Partly cloudy throughout the day.
2023-02-20,28.1,15.9,22,27,15.9,21.9,8.6,45,0,0,0,,27.5,27.5,1.1,64.5,1020.8,30.1,10.5,10,Partly cloudy throughout the day.
2023-02-21,28,16.7,22,27,16.7,21.9,7,39.2,0,0,0,,36,36,0.6,64.1,1021.1,50,10.3,10,Partly cloudy throughout the day.
2023-02-22,28.1,17.5,22.4,27,17.5,22.2,8.3,41.9,0,0,0,,32,32,0,66.9,1020,37.6,10.8,10,Partly cloudy throughout the day.
2023-02-23,29,16,22.4,27.7,16,22.1,10,48.1,0,0,0,,36,36,0.9,72.5,1019.7,28.7,10.2,10,Partly cloudy throughout the day.
2023-02-24,29.1,16.9,22.7,27.7,16.9,22.4,10.2,49.3,0,0,0,,26.3,26.3,0.6,71.3,1020.4,34,10.2,10,Partly cloudy throughout the day.
2023-02-25,28.1,18.9,22.9,27.1,18.9,22.7,10.4,47.9,0,0,0,rain,39.9,39.9,1.3,68.9,1020.7,42.6,10.3,10,Partly cloudy throughout the day.
2023-02-26,28,17.8,22.7,27,17.8,22.5,10.8,50.5,0,0,0,,36.5,36.5,1.1,71,1021.3,44.2,10.3,10,Clearing in the afternoon.
2023-02-27,27,17.8,21.8,26.8,17.8,21.8,12.7,57.9,0,0,0,,33,33,1.3,70.8,1022.3,88.2,10.3,9,Partly cloudy throughout the day.
2023-02-28,26.9,17.8,21.5,26.7,17.8,21.5,12.2,57.5,0,0,0,,32.8,32.8,0.9,64.8,1023.1,68.6,10.4,10,Partly cloudy throughout the day.
2023-03-01,28.1,16,22.5,27.1,16,22.3,10.2,48.5,0,0,0,,23.1,23.1,0,59.2,1022.7,48.3,10.4,10,Clearing in the afternoon.
2023-03-02,28.8,16.9,22.8,27.6,16.9,22.6,10.3,47.3,0,0,0,,35.3,35.3,0.9,56.3,1022.1,44.8,10.3,9,Partly cloudy throughout the day.
2023-03-03,28.1,18.8,23,27.2,18.8,22.9,11,48.4,0.9,100,8.33,rain,37.1,37.1,9.4,66.2,1022.5,57.9,10.2,10,Partly cloudy throughout the day with afternoon rain.
2023-03-04,28,18.8,23,27.2,18.8,22.9,10.9,47.8,0,0,0,,32.6,32.6,0.9,68.5,1023.3,58.6,10.4,10,Partly cloudy throughout the day.
2023-03-05,28,16.9,22,27.1,16.9,21.8,10.6,52,0,0,0,,29.5,29.5,9.6,63.5,1023.6,47.3,10.2,10,Clearing in the afternoon.
2023-03-06,28.1,17.8,22.4,27.1,17.8,22.2,9.7,47.1,0,0,0,,44.8,44.8,1.1,61.5,1022,23.5,10.3,10,Partly cloudy throughout the day.
2023-03-07,29.1,16.9,22.3,27.6,16.9,22,10,49.9,0,0,0,,42.5,42.5,1.1,69.2,1020.4,26.8,10.4,10,Partly cloudy throughout the day.
2023-03-08,29.1,17.8,22.9,27.7,17.8,22.7,10.7,50.6,0,0,0,,36.5,36.5,0.9,57.5,1020.4,25.6,10.7,10,Partly cloudy throughout the day.
2023-03-09,30,18,23.5,28.3,18,23.1,10.3,48.4,0,0,0,rain,33.8,33.8,0.6,65.8,1020.4,36.7,10.3,8,Partly cloudy throughout the day.
2023-03-10,29,18.9,23.4,27.7,18.9,23.2,11.5,50,0,0,0,,27.7,27.7,1.1,64.7,1019.5,41.6,10.3,8,Partly cloudy throughout the day.
2023-03-11,28,19,22.8,27.2,19,22.7,12.4,53.7,0,0,0,rain,39.4,39.4,8,68.3,1019.7,75.7,10.3,9,Partly cloudy throughout the day.
2023-03-12,28,18,22.5,27.1,18,22.4,12.2,55.1,0,0,0,rain,36.7,36.7,9.8,76.3,1020.1,81.3,10.8,10,Partly cloudy throughout the day.
2023-03-13,29,17,22.6,27.8,17,22.4,11.7,53.6,0,0,0,rain,35.9,35.9,6.3,78.9,1020,62,10.4,10,Partly cloudy throughout the day.
2023-03-14,27.8,18,22.1,26.9,18,22,12.1,56.2,0,0,0,rain,27.3,27.3,9.6,66.2,1019.3,79.3,10.3,9,Partly cloudy throughout the day.
2023-03-15,28,17.9,22.3,27.2,17.9,22.2,12.6,57.1,0,0,0,rain,29.1,29.1,1.5,69.6,1019.5,84.3,10.2,7,Partly cloudy throughout the day.
2023-03-16,23,16,19,23,16,19,15.1,79.5,2,100,4.17,rain,21.9,21.9,0.1,59.2,1020.3,83.6,9.9,6,Partly cloudy throughout the day with early morning rain.
2023-03-17,26,17,21,26,17,21,13.4,63.9,0.4,100,16.67,rain,32,32,9.6,79.4,1019.5,75.8,12.2,9,Partly cloudy throughout the day with rain in the morning and afternoon.
2023-03-18,27.1,14.9,21.5,26.5,14.9,21.4,10.6,52.9,0,0,0,,28.5,28.5,0.2,79,1021.4,52.8,10.3,10,Partly cloudy throughout the day.
2023-03-19,27.1,17,22.1,26.6,17,22.1,12,55.5,0,0,0,rain,26.9,26.9,6.9,74.8,1021.1,69,10.4,9,Partly cloudy throughout the day.
2023-03-20,28.1,17,21.8,27.2,17,21.7,12.7,58.6,0,0,0,rain,33.9,33.9,0.2,90,1020.7,77.8,10.3,9,Partly cloudy throughout the day.
2023-03-21,26,17,20.2,26,17,20.2,14.2,70.4,0,0,0,rain,35.8,35.8,0.2,301.9,1020.8,88.2,10.3,9,Partly cloudy throughout the day.
2023-03-22,26,17,20.9,26,17,20.9,14.9,71,0.7,100,4.17,rain,32.4,32.4,0.4,160.1,1020.4,88.3,10.3,9,Partly cloudy throughout the day with late afternoon rain.
2023-03-23,27.8,16.1,19.8,27.4,16.1,19.8,15.3,77.1,0,0,0,rain,26.7,26.7,0.6,203.8,1020.9,88.7,10.2,9,Partly cloudy throughout the day.
2023-03-24,26,16,19.9,26,16,19.9,15.2,75.9,0,0,0,rain,17.3,17.3,0.4,207.2,1020.5,86.6,10,9,Partly cloudy throughout the day.
2023-03-25,24,15,19.5,24,15,19.5,14.5,74.5,0,0,0,rain,21.3,21.3,0.3,58.7,1021.1,81.4,10,7,Partly cloudy throughout the day.
2023-03-26,23,16,19.2,23,16,19.2,14.4,75,0,0,0,rain,21.9,21.9,0.4,34.7,1021.4,79.6,10.2,7,Partly cloudy throughout the day.
2023-03-27,26,16,21,26,16,21,14,66.2,0,0,0,,34.8,34.8,0,69.6,1021,64.7,10.3,10,Partly cloudy throughout the day.
2023-03-28,27.1,18,21.8,26.9,18,21.8,14.2,64.8,0,0,0,rain,28.2,28.2,1.1,66.5,1021.1,78.2,11.3,8,Partly cloudy throughout the day.
2023-03-29,26.9,17.9,21.8,26.7,17.9,21.8,13.9,63.4,0,0,0,rain,24,24,9.4,69.6,1022.5,83.8,10.4,8,Partly cloudy throughout the day.
2023-03-30,26.1,17.9,21.4,26.1,17.9,21.4,14,64.7,0,0,0,rain,32.6,32.6,0.9,66.2,1021.7,76.4,10.2,10,Partly cloudy throughout the day.
2023-03-31,26,17.9,20.8,26,17.9,20.8,14.4,69.1,0,0,0,rain,33,33,0.6,76.1,1021.2,78.8,10.2,9,Partly cloudy throughout the day.
2023-04-01,27.9,17,21.7,27.3,17,21.6,13.2,61.2,0,0,0,rain,18.4,18.4,0,85.1,1022,71.7,10.4,8,Partly cloudy throughout the day.
2023-04-02,27.1,16.1,21.5,26.7,16.1,21.5,13.8,64.8,0,0,0,rain,23.1,23.1,0.4,80.5,1021.2,81.3,10.3,8,Partly cloudy throughout the day.
2023-04-03,25.1,17,20.5,25.1,17,20.5,14.9,71.9,0.8,100,12.5,rain,29.5,29.5,0.4,66.2,1020.1,88.3,10.3,10,Partly cloudy throughout the day with rain.
2023-04-04,25,16,19.8,25,16,19.8,13.6,70.1,0,0,0,rain,19.2,19.2,0.4,62.6,1021,72,10.1,8,Partly cloudy throughout the day.
2023-04-05,25,16.2,20.5,25,16.2,20.5,13.8,67.2,0,0,0,rain,36,36,1.1,71.6,1021.2,73.5,10.4,9,Partly cloudy throughout the day.
2023-04-06,24,17,19.8,24,17,19.8,14.3,71.6,0,0,0,rain,21.7,21.7,9.2,59.2,1021.4,76.4,10.3,9,Partly cloudy throughout the day.
2023-04-07,26,16.9,21,26,16.9,21,13.9,66.5,0,0,0,rain,27.3,27.3,0.3,73.6,1021.5,70.9,10.3,8,Partly cloudy throughout the day.
2023-04-08,22.1,16,18.2,22.1,16,18.2,15.3,83.8,0.1,100,4.17,rain,35.2,35.2,0.9,77.2,1022.4,89,10,8,Partly cloudy throughout the day with afternoon rain.
2023-04-09,24,15.9,19.1,24,15.9,19.1,14.9,78.4,0,0,0,rain,37.1,37.1,0,70.3,1022.5,75.3,10.2,8,Partly cloudy throughout the day.
2023-04-10,26,17,20.6,26,17,20.6,14.6,70.9,0,0,0,,26.3,26.3,1.7,68.9,1021.7,79.1,10.2,9,Partly cloudy throughout the day.
2023-04-11,24.9,17,19.7,24.9,17,19.7,15.7,79.2,0,0,0,rain,32.8,32.8,1.5,60.1,1021.3,85.2,9.7,9,Partly cloudy throughout the day.
2023-04-12,24.1,16.1,19.7,24.1,16.1,19.7,15.7,79.3,0.2,100,4.17,rain,25.3,25.3,0.4,72.6,1021.8,83.3,10.3,9,Partly cloudy throughout the day with morning rain.
2023-04-13,24,16.1,19.6,24,16.1,19.6,15.5,79,0,0,0,rain,27.3,27.3,0.6,66.9,1022.6,88.7,10.3,9,Partly cloudy throughout the day.
2023-04-14,19.9,17,18,19.9,17,18,15.9,87.8,14,100,4.17,rain,18.4,18.4,0.9,61,1023,86.9,10.2,9,Partly cloudy throughout the day with late afternoon rain.
2023-04-15,24,16.9,19.3,24,16.9,19.3,15.4,79.7,0,0,0,rain,36.2,36.2,0.9,78.3,1022.1,80.8,10,8,Partly cloudy throughout the day.
2023-04-16,24,16,19.2,24,16,19.2,15.2,78.8,0.1,100,4.17,rain,26.7,26.7,0.4,82,1021.1,82.2,10.1,9,Partly cloudy throughout the day with afternoon rain.
2023-04-17,24,16,19.6,24,16,19.6,14.9,75.9,0,0,0,rain,31.4,31.4,0,83.1,1020.5,81.1,10.4,8,Partly cloudy throughout the day.
2023-04-18,25.9,17,20.3,25.9,17,20.3,14.7,72.7,1,100,4.17,rain,26.9,26.9,8.9,79.9,1022.1,71.5,10.1,8,Partly cloudy throughout the day with morning rain.
2023-04-19,25.9,16,20,25.9,16,20,14.6,73.7,0.1,100,4.17,rain,21.7,21.7,0,105.4,1022.3,76.7,10.3,9,Partly cloudy throughout the day with early morning rain.
2023-04-20,26,16,20.5,26,16,20.5,14.3,70.5,0,0,0,rain,26.3,26.3,0,86,1019.3,72.6,10.3,8,Partly cloudy throughout the day.
2023-04-21,26.9,17.1,21.3,26.9,17.1,21.3,14.4,67.1,0,0,0,rain,18,18,0,93.2,1017.7,76.1,10.3,10,Partly cloudy throughout the day.
2023-04-22,23,17.1,19.5,23,17.1,19.5,16.1,81.4,0.4,100,12.5,rain,22.5,22.5,0,127.7,1019.2,78.7,10.5,7,Partly cloudy throughout the day with a chance of rain throughout the day.
2023-04-23,25.9,16,20,25.9,16,20,14.9,74,1.4,100,4.17,rain,24.1,24.1,0.3,97.8,1020,85.7,10.3,9,Partly cloudy throughout the day with early morning rain.
2023-04-24,26,17.1,21,26,17.1,21,15.4,72.7,0,0,0,rain,24.7,24.7,0.4,89,1020.7,73.9,10.3,8,Partly cloudy throughout the day.
2023-04-25,23.6,17.1,19.2,23.6,17.1,19.2,16.3,83.6,1,100,4.17,rain,19.2,19.2,0.4,74.8,1021.4,86.7,10.3,6,Partly cloudy throughout the day with afternoon rain.
2023-04-26,24.9,17,19.4,24.9,17,19.4,15.6,80,11,100,8.33,rain,21.3,21.3,0.4,105.4,1021.6,88.7,10.4,5,Partly cloudy throughout the day with rain.
2023-04-27,24,16.1,20,24,16.1,20,15.5,76.9,0,0,0,rain,18.2,18.2,0.4,126.2,1020.6,75.8,10.2,8,Partly cloudy throughout the day.
2023-04-28,21.7,16.1,18.2,21.7,16.1,18.2,15.9,86.4,17,100,4.17,rain,21.2,21.2,0,116.7,1021.8,88.9,10.2,6,Partly cloudy throughout the day with afternoon rain.
2023-04-29,22,15,18.5,22,15,18.5,15,81.1,0.1,100,4.17,rain,18.4,18.4,0,150.2,1021.3,84.7,10.4,5,Partly cloudy throughout the day with afternoon rain.
2023-04-30,23.9,16.9,18.7,23.9,16.9,18.7,15.9,84.6,0,0,0,rain,18.4,18.4,0.4,199.1,1021.7,90.3,10,6,Cloudy skies throughout the day.
2023-05-01,21.9,16.9,18.6,21.9,16.9,18.6,15.7,83.8,0,0,0,rain,18.6,18.6,0,62,1022.4,88.4,10.1,5,Partly cloudy throughout the day.
2023-05-02,24,15.9,19.3,24,15.9,19.3,15.5,79.8,0.5,100,12.5,rain,25.3,25.3,0.5,92.9,1021.7,80.3,11.6,8,Partly cloudy throughout the day with late afternoon rain.
2023-05-03,22.2,17,18.5,22.2,17,18.5,15.9,85.1,1.7,100,45.83,rain,16.9,16.9,0,109,1021.6,83.8,15.1,6,Partly cloudy throughout the day with a chance of rain throughout the day.
2023-05-04,24.9,16.6,19.8,24.9,16.6,19.8,14.1,71.9,0.4,100,16.67,rain,18,18,0,94.5,1022.8,77.6,12.9,9,Partly cloudy throughout the day with rain.
2023-05-05,25,15.1,19.9,25,15.1,19.9,14.1,71.7,0,0,0,rain,22.1,22.1,0,92,1024,74,10.3,8,Partly cloudy throughout the day.
2023-05-06,24.9,17,19.8,24.9,17,19.8,14.8,74.4,0,0,0,rain,22.1,22.1,0,113.9,1024,76.7,10.3,7,Partly cloudy throughout the day.
2023-05-07,24.9,17,20.2,24.9,17,20.2,14.7,72.3,0,0,0,rain,25.3,25.3,7.3,89.5,1023.8,81.3,10.4,8,Partly cloudy throughout the day.
2023-05-08,25,16.9,20.1,25,16.9,20.1,14.7,72.9,0,0,0,rain,23.5,23.5,0.4,92.2,1022.8,83,11,8,Partly cloudy throughout the day.
2023-05-09,23,16.1,18.8,23,16.1,18.8,15.4,81.7,0,0,0,rain,17.5,17.5,0.9,152.7,1022.9,86.2,10.8,8,Partly cloudy throughout the day.
2023-05-10,22.9,16.8,19.2,22.9,16.8,19.2,14.9,77,2,100,4.17,rain,18.8,18.8,0.4,105.7,1022.7,87.9,11.8,7,Partly cloudy throughout the day with late afternoon rain.
2023-05-11,23,16,18.9,23,16,18.9,14.7,77.6,0,0,0,rain,18,18,0.4,119.4,1023.8,86.6,11.8,8,Partly cloudy throughout the day.
2023-05-12,24.2,16,19.8,24.2,16,19.8,14.4,72.6,0,0,0,rain,18.8,18.8,0,118.2,1023.8,75.2,12.3,8,Partly cloudy throughout the day.
2023-05-13,25.9,16.8,20.6,25.9,16.8,20.6,14.3,69.3,0.1,100,4.17,rain,18.4,18.4,0.4,127,1025.3,82.4,12.7,8,Partly cloudy throughout the day with afternoon rain.
2023-05-14,24.8,16.1,19.9,24.8,16.1,19.9,15,75.2,0.4,100,4.17,rain,17.1,17.1,0,147.1,1025.3,83.9,12.3,8,Partly cloudy throughout the day with late afternoon rain.
2023-05-15,24.9,15.9,19.9,24.9,15.9,19.9,14.4,72.1,0,0,0,rain,17.8,17.8,0.2,128.8,1024.7,81.8,12.2,8,Partly cloudy throughout the day.
2023-05-16,24.2,16,19.9,24.2,16,19.9,14.2,70.3,0.1,100,4.17,rain,17.3,17.3,0.2,136,1024,87.5,12.1,7,Partly cloudy throughout the day with late afternoon rain.
2023-05-17,23.9,17,19.7,23.9,17,19.7,14.6,73.1,0,0,0,rain,14.8,14.8,0.4,93.5,1024.2,88.2,12.1,6,Partly cloudy throughout the day.
2023-05-18,25,15.9,19.9,25,15.9,19.9,14.4,72.4,0.4,100,4.17,rain,18,18,0.5,109,1024.3,84.2,11.8,8,Partly cloudy throughout the day with late afternoon rain.
2023-05-19,25,16.7,20.4,25,16.7,20.4,14,68.2,0,0,0,rain,20.4,20.4,0,110.2,1024.4,86.9,12.1,8,Partly cloudy throughout the day.
2023-05-20,28.1,13.8,21.3,27.3,13.8,21.2,13.3,63,0,0,0,,18.4,18.4,0,103.7,1023.1,65.3,12.2,10,Partly cloudy throughout the day.
2023-05-21,26.7,15.5,21,26.7,15.5,21,13.7,64.6,0,0,0,rain,26.9,26.9,0,122.9,1022.7,66.9,12.4,8,Partly cloudy throughout the day.
2023-05-22,27,16.8,21.3,26.7,16.8,21.2,14.2,66.9,0,0,0,rain,20.8,20.8,0.6,98.7,1023.1,64.9,12.5,8,Partly cloudy throughout the day.
2023-05-23,25.8,16.8,20,25.8,16.8,20,14.9,74.1,0,0,0,rain,23.3,23.3,0,119.5,1023.3,71.2,12.4,8,Partly cloudy throughout the day.
2023-05-24,25,16.7,20,25,16.7,20,13.9,69.8,0.1,100,4.17,rain,18.6,18.6,0,129.5,1023.3,81.4,11.9,8,Partly cloudy throughout the day with early morning rain.
2023-05-25,25,16.9,20.5,25,16.9,20.5,13.1,64.1,0,0,0,rain,26.1,26.1,0,89.7,1023.9,78.7,11.9,9,Partly cloudy throughout the day.
2023-05-26,24.1,15.9,19.4,24.1,15.9,19.4,12.7,67.1,0,0,0,rain,21.1,21.1,5.2,95.8,1024.1,80.5,12.8,7,Partly cloudy throughout the day.
2023-05-27,21.9,14.9,17.9,21.9,14.9,17.9,12.9,73.8,0,0,0,rain,25.3,25.3,0.8,74.6,1024.3,85.3,12.3,8,Partly cloudy throughout the day.
2023-05-28,23.8,14.9,18.5,23.8,14.9,18.5,12.8,72,0,0,0,rain,28.7,28.7,0.4,85.5,1024.3,81.6,12.4,8,Partly cloudy throughout the day.
2023-05-29,20,14.8,17,20,14.8,17,14.4,85.3,0.2,100,4.17,rain,21.9,21.9,1.1,74.7,1024.8,89.9,10.7,7,Partly cloudy throughout the day with afternoon rain.
2023-05-30,22,15,18.2,22,15,18.2,13.7,76.2,1,100,4.17,rain,18,18,0.4,109.4,1024.8,86.6,12,7,Partly cloudy throughout the day with morning rain.
2023-05-31,24,14.8,19.1,24,14.8,19.1,13.6,72,0.2,100,8.33,rain,22.3,22.3,0,133.7,1024.7,84.4,12.5,6,Partly cloudy throughout the day with afternoon rain.
2023-06-01,26,15,19.8,26,15,19.8,13.2,68.2,0.1,100,4.17,rain,20.5,20.5,0,114.4,1023.3,89.1,12.3,5,Partly cloudy throughout the day with morning rain.
2023-06-02,25,15.9,20,25,15.9,20,13.2,67.5,0.1,100,4.17,rain,21.9,21.9,0,135.4,1023.9,87.9,12.7,7,Partly cloudy throughout the day with afternoon rain.
2023-06-03,23.9,16.1,19.3,23.9,16.1,19.3,13.9,72.3,0,0,0,rain,23.1,23.1,0.4,123.8,1024.9,87.3,13.5,7,Partly cloudy throughout the day.
2023-06-04,24.1,15.2,19,24.1,15.2,19,13.2,70.9,0,0,0,rain,20.1,20.1,0.2,114.8,1024.5,85.2,13.2,6,Partly cloudy throughout the day.
2023-06-05,26.6,15.6,20.3,26.6,15.6,20.3,12.5,63.9,0,0,0,rain,25.5,25.5,0.2,96.9,1024.2,71.6,13.3,8,Partly cloudy throughout the day.
2023-06-06,25.1,16.9,19.9,25.1,16.9,19.9,13.6,69.2,0.2,100,4.17,rain,18.4,18.4,0,136.9,1024.9,81.6,13.3,7,Partly cloudy throughout the day with morning rain.
2023-06-07,27,15.9,20.1,26.5,15.9,20.1,10.6,57.8,0,0,0,,19.9,19.9,0,124.7,1024.5,64.7,12.7,9,Partly cloudy throughout the day.
2023-06-08,27.8,12.4,20.2,26.8,12.4,20.1,10,55.1,0,0,0,,26.2,26.2,0.5,120.3,1024.5,55.6,12,9,Partly cloudy throughout the day.
2023-06-09,25,16.7,20,25,16.7,20,13.3,67.4,0.4,100,4.17,rain,19.6,19.6,0.6,151.9,1024.4,87.3,12.5,7,Partly cloudy throughout the day with early morning rain.
2023-06-10,25.9,15,19.9,25.9,15,19.9,13.1,67,0.2,100,4.17,rain,18.8,18.8,0.4,123.7,1024,73.9,12.3,8,Partly cloudy throughout the day with late afternoon rain.
2023-06-11,26,16,20.1,26,16,20.1,12.5,65.1,0,0,0,,18.4,18.4,0.8,104,1024.2,84,12.5,6,Partly cloudy throughout the day.
2023-06-12,25,15.8,20.4,25,15.8,20.4,12.2,60.8,0,0,0,rain,21.3,21.3,0.4,59.4,1023.5,84.9,12.5,8,Partly cloudy throughout the day.
2023-06-13,24.9,15,19.2,24.9,15,19.2,12.4,65.9,0,0,0,rain,18.6,18.6,0,78,1023.2,82.7,12.7,7,Partly cloudy throughout the day.
2023-06-14,25,16.7,19.7,25,16.7,19.7,14.1,71.7,8,100,4.17,rain,18.4,18.4,0,258,1024,86.6,12.1,8,Partly cloudy throughout the day with late afternoon rain.
2023-06-15,21.1,15.1,18,21.1,15.1,18,14.5,80.3,0.5,100,20.83,rain,18.4,18.4,0,61.9,1024.6,89.6,10.5,6,Partly cloudy throughout the day with rain.
2023-06-16,24.9,15.9,19.4,24.9,15.9,19.4,14,72.8,0,0,0,rain,20.3,20.3,0,104.6,1023.6,88.8,11.3,8,Partly cloudy throughout the day.
2023-06-17,20,15,17.6,20,15,17.6,13.2,75.8,0,0,0,rain,17.8,17.8,0.6,174.8,1024.5,89.1,11.8,6,Partly cloudy throughout the day.
2023-06-18,23,14,18.4,23,14,18.4,12,67.5,0.3,100,12.5,rain,18.4,18.4,0,90.5,1024.2,84.9,12.4,5,Partly cloudy throughout the day with rain in the morning and afternoon.
2023-06-19,24,15,19,24,15,19,12.4,67,0,0,0,rain,22.3,22.3,0,82.8,1023.9,87.4,11.6,6,Partly cloudy throughout the day.
2023-06-20,25.5,15.9,19.7,25.5,15.9,19.7,13.7,69.6,0.1,100,4.17,rain,21.9,21.9,0,90.7,1023.1,88.7,11.2,8,Partly cloudy throughout the day with afternoon rain.
2023-06-21,23,15.9,18.7,23,15.9,18.7,13.5,72.6,0,0,0,rain,18.6,18.6,0.4,141.3,1023.1,88.6,11.7,6,Partly cloudy throughout the day.
2023-06-22,22.9,15,18.2,22.9,15,18.2,13.1,73.4,0,0,0,rain,18.4,18.4,0.2,148.3,1023,88.2,12.5,5,Partly cloudy throughout the day.
2023-06-23,20,15.9,17.5,20,15.9,17.5,13,75.3,0,0,0,rain,21.7,21.7,0.2,153.4,1024.1,89.1,12.2,6,Partly cloudy throughout the day.
2023-06-24,23.9,14.1,18.3,23.9,14.1,18.3,12.7,71.4,0,0,0,rain,14.4,14.4,0.6,184.1,1023.7,88.6,11.9,6,Partly cloudy throughout the day.
2023-06-25,25.2,13.7,19.2,25.2,13.7,19.2,10.8,60.3,0,0,0,,18.4,18.4,0,142.5,1023,85.1,12.8,6,Partly cloudy throughout the day.
2023-06-26,23,14.1,18.2,23,14.1,18.2,11.8,67.1,0,0,0,rain,22.1,22.1,0.2,98.7,1023.2,88.5,12.4,6,Partly cloudy throughout the day.
2023-06-27,22,14.9,18,22,14.9,18,12.3,69.6,0,0,0,rain,16.2,16.2,0.4,127.3,1023.7,88.4,12.1,6,Partly cloudy throughout the day.
2023-06-28,24.5,12.9,19.1,24.5,12.9,19.1,12.2,66.1,0,0,0,rain,20.5,20.5,0.4,82.2,1024.5,83.9,12.1,7,Partly cloudy throughout the day.
2023-06-29,23.1,15,18.3,23.1,15,18.3,11.9,67.2,0,0,0,rain,18.4,18.4,0.4,135.2,1025.2,86.8,12.3,6,Partly cloudy throughout the day.
2023-06-30,22,15.8,18.2,22,15.8,18.2,12.3,69.4,0,0,0,rain,18.4,18.4,0.4,134.9,1025.3,89,12.2,5,Partly cloudy throughout the day.
2023-07-01,21,15,17.6,21,15,17.6,12.4,72.3,0,0,0,rain,18,18,0.4,122.5,1026.1,88.1,12.5,4,Partly cloudy throughout the day.
2023-07-02,20.1,14.7,17.3,20.1,14.7,17.3,12.1,72.1,0,0,0,rain,16.2,16.2,0.4,139.1,1026.9,89.4,12.4,4,Partly cloudy throughout the day.
2023-07-03,21,14.9,17.9,21,14.9,17.9,11.4,66.6,0,0,0,rain,21.7,21.7,0.4,118.7,1027,89,12.4,4,Partly cloudy throughout the day.
2023-07-04,20,14.7,16.8,20,14.7,16.8,11.5,71.7,0,0,0,rain,21.7,21.7,0.4,142.8,1026.4,88.8,12.4,4,Partly cloudy throughout the day.
2023-07-05,20,12.9,16.7,20,12.9,16.7,11.3,71.3,0,0,0,,17.3,17.3,0.4,133.4,1024.8,87.4,12.2,5,Partly cloudy throughout the day.
2023-07-06,21.1,13.7,17.4,21.1,13.7,17.4,11.5,69.2,0,0,0,rain,25.1,25.1,0.4,167.2,1024.8,87.9,12.1,4,Partly cloudy throughout the day.
2023-07-07,18.1,14,16.2,18.1,14,16.2,11.3,73.6,1,100,4.17,rain,18.6,18.6,0,144.5,1026.2,90.6,11.2,4,Cloudy skies throughout the day with morning rain.
2023-07-08,21.1,12.9,16.7,21.1,12.9,16.7,10,66.2,0,0,0,,17.8,17.8,0,100.3,1026.3,87.1,12,5,Partly cloudy throughout the day.
2023-07-09,25.1,12.7,18.1,25.1,12.7,18.1,10.4,63.9,0,0,0,,16.3,16.3,0.2,94.7,1025.3,77.2,12.6,9,Partly cloudy throughout the day.
2023-07-10,28,11.6,19.5,27,11.6,19.4,10.5,60.7,0,0,0,,24.1,24.1,0,141.3,1023.9,62.6,12.5,9,Partly cloudy throughout the day.
2023-07-11,28,11.8,20.7,27,11.8,20.6,10.7,56.1,0,0,0,,18.8,18.8,0,121.5,1024.2,74.2,12.4,9,Partly cloudy throughout the day.
2023-07-12,22,15.8,18.2,22,15.8,18.2,11.3,65,0,0,0,,21.5,21.5,0.2,106.7,1025.3,86.8,12.1,6,Partly cloudy throughout the day.
2023-07-13,22,13.6,17.8,22,13.6,17.8,10.7,64.7,0.1,100,4.17,rain,19.3,19.3,0,146.9,1025.1,87.5,12.1,5,Partly cloudy throughout the day with afternoon rain.
2023-07-14,24,13,19.2,24,13,19.2,10.4,59.1,0,0,0,,18.4,18.4,0.4,112.1,1024.9,86.1,12.1,6,Partly cloudy throughout the day.
2023-07-15,24,14.9,19.1,24,14.9,19.1,10.4,58.9,0,0,0,,17.1,17.1,0.4,90,1025.3,81.5,12.3,6,Partly cloudy throughout the day.
2023-07-16,22.9,13.1,17.4,22.9,13.1,17.4,10.7,66.2,0,0,0,,17.5,17.5,0.4,101.6,1026.3,83.7,12.6,7,Partly cloudy throughout the day.
2023-07-17,20,13.7,17,20,13.7,17,10.5,66.4,0,0,0,,14.8,14.8,0,113.2,1026.5,85.5,12.3,6,Partly cloudy throughout the day.
2023-07-18,22,14.1,17.3,22,14.1,17.3,10.1,63.7,0,0,0,,24.1,24.1,0.2,130,1026.5,77.7,12.8,7,Partly cloudy throughout the day.
2023-07-19,23,13.8,18.1,23,13.8,18.1,10.4,62.4,0,0,0,,23.9,23.9,0.4,164.9,1025.5,85.1,12.8,6,Partly cloudy throughout the day.
2023-07-20,27.1,12.1,19.6,26.5,12.1,19.6,10.7,59.7,0,0,0,rain,18,18,0.5,218.1,1024.8,74.7,12.2,9,Partly cloudy throughout the day.
2023-07-21,26,13.1,20,26,13.1,20,9.4,53.1,0,0,0,,29.1,29.1,0.4,168,1026,54.6,13,9,Partly cloudy throughout the day.
2023-07-22,22.2,15.1,18.7,22.2,15.1,18.7,10.5,59.8,0,0,0,,18.8,18.8,0.4,145.5,1027.3,71.1,12.7,5,Partly cloudy throughout the day.
2023-07-23,22.1,14,18.3,22.1,14,18.3,11.5,66.5,0,0,0,,19.7,19.7,0.4,122.8,1027,79.8,12.3,5,Partly cloudy throughout the day.
2023-07-24,22,14.1,17.9,22,14.1,17.9,11,65.7,0,0,0,rain,24.2,24.2,0.4,126.9,1025.6,82,12,5,Partly cloudy throughout the day.
2023-07-25,23,16,18.6,23,16,18.6,11.9,66.1,0,0,0,,18.2,18.2,0.2,165.8,1024.3,79.1,12.5,4,Partly cloudy throughout the day.
2023-07-26,22.9,15.7,18.1,22.9,15.7,18.1,11.6,67,0,0,0,rain,22.1,22.1,0.4,124.3,1024.9,72.4,12.2,5,Partly cloudy throughout the day.
2023-07-27,23.8,13.6,18.5,23.8,13.6,18.5,10.8,62.9,0,0,0,,22.9,22.9,0,134.2,1025.7,81.8,12.1,5,Partly cloudy throughout the day.
2023-07-28,21,15.1,17.8,21,15.1,17.8,11.6,67.4,0,0,0,rain,18.2,18.2,0.8,148.2,1025.9,88.7,11.9,3,Partly cloudy throughout the day.
2023-07-29,21.7,15,18,21.7,15,18,11.8,67.9,0,0,0,rain,17.8,17.8,0,109.2,1025.5,88.5,11.9,6,Partly cloudy throughout the day.
2023-07-30,25.9,13.2,18.9,25.9,13.2,18.9,12.3,67.9,0,0,0,rain,23.9,23.9,0.8,94.2,1024.2,81.8,12.4,6,Partly cloudy throughout the day.
2023-07-31,27.9,13.2,20.2,26.8,13.2,20.1,11.6,62.2,0,0,0,,28.5,28.5,0,157.3,1024.1,67.9,12.5,9,Partly cloudy throughout the day.
2023-08-01,22.9,14.1,18.2,22.9,14.1,18.2,11.9,67.9,0,0,0,rain,26.1,26.1,0,126.7,1025.5,87.4,12.1,6,Partly cloudy throughout the day.
2023-08-02,20.9,14,17.3,20.9,14,17.3,11.9,71.3,0,0,0,rain,27.1,27.1,1.3,143.3,1027.1,89.1,12.1,4,Partly cloudy throughout the day.
2023-08-03,19.1,15,17,19.1,15,17,12.4,75,0,0,0,rain,18.2,18.2,1,124,1027.6,89,12,6,Partly cloudy throughout the day.
2023-08-04,20,15,16.7,20,15,16.7,12,74.6,0.1,100,4.17,rain,20.5,20.5,0.4,119.4,1027.6,89.8,11.9,4,Partly cloudy throughout the day with afternoon rain.
2023-08-05,22,14,17.4,22,14,17.4,10.6,65.2,0,0,0,rain,23.1,23.1,0,90.4,1028.4,89,12.1,5,Partly cloudy throughout the day.
2023-08-06,21.1,14.1,17.3,21.1,14.1,17.3,10.7,67.1,0,0,0,rain,32.6,32.6,0.9,134.7,1028.4,87.3,12.1,5,Partly cloudy throughout the day.
2023-08-07,24,13.9,18.2,24,13.9,18.2,9.5,59.4,0,0,0,,25.3,25.3,1.1,152.8,1026.3,87,11.8,5,Partly cloudy throughout the day.
2023-08-08,25,13.6,19,25,13.6,19,10.2,58.6,0,0,0,rain,23.9,23.9,0.9,152.5,1024.8,82.9,12.7,6,Partly cloudy throughout the day.
2023-08-09,21.6,14.8,17.5,21.6,14.8,17.5,12,71.1,0,0,0,rain,18.2,18.2,0.2,121.5,1025.2,89.3,11.2,4,Partly cloudy throughout the day.
2023-08-10,23.8,14,18,23.8,14,18,12.4,71.3,0.1,100,4.17,rain,22.3,22.3,0.4,86.7,1025.2,90.1,11,5,Cloudy skies throughout the day with afternoon rain.
2023-08-11,24,15,18.7,24,15,18.7,11.3,63.3,0,0,0,rain,18.6,18.6,0,121.6,1024.5,88.3,12.7,7,Partly cloudy throughout the day.
2023-08-12,23,14,18.1,23,14,18.1,10.1,60.6,0,0,0,rain,18.8,18.8,0.6,59.1,1024.2,84.2,12.3,6,Partly cloudy throughout the day.
2023-08-13,25,14.5,18.7,25,14.5,18.7,10.5,61.2,0,0,0,rain,26.5,26.5,0.6,69.2,1024,84,12.1,9,Partly cloudy throughout the day.
2023-08-14,25.9,14.6,19.5,25.9,14.6,19.5,10.2,57.9,0,0,0,,26.5,26.5,9.2,77,1024.6,79.2,12.3,8,Partly cloudy throughout the day.
2023-08-15,26.2,15,20.5,26.2,15,20.5,11.3,58.6,0,0,0,rain,26.9,26.9,0.3,98.9,1024.6,84.5,12.2,8,Partly cloudy throughout the day.
2023-08-16,25,15.2,20.1,25,15.2,20.1,11.8,61.4,0,0,0,rain,26.7,26.7,0.4,135.7,1024.1,87.4,12,7,Partly cloudy throughout the day.
2023-08-17,24,15.8,19.4,24,15.8,19.4,11.6,62.3,0.2,100,4.17,rain,23.4,23.4,0.8,146.7,1024,88.8,11.8,7,Partly cloudy throughout the day with afternoon rain.
2023-08-18,26.1,15.1,19.1,26.1,15.1,19.1,10.6,60.5,0,0,0,rain,24.5,24.5,1.3,120.2,1023.9,79.9,12.5,6,Partly cloudy throughout the day.
2023-08-19,27,14.1,19.8,26.1,14.1,19.7,8.6,53.7,0,0,0,,26.7,26.7,0,89.6,1023.1,51.9,13.1,10,Partly cloudy throughout the day.
2023-08-20,28.1,11.9,20,26.8,11.9,19.9,6.6,47.1,0,0,0,,25.5,25.5,0,95.3,1023.1,22.8,12.8,10,Partly cloudy throughout the day.
2023-08-21,26.1,12.7,19.6,26.1,12.7,19.6,7.7,48.2,0,0,0,,26.2,26.2,0.4,96.5,1022.6,48.5,13.3,10,Partly cloudy throughout the day.
2023-08-22,27,16.7,21,26.5,16.7,20.9,10.9,56.2,0,0,0,,26.5,26.5,1.1,80.8,1022.7,74.4,12.7,9,Partly cloudy throughout the day.
2023-08-23,27,14.6,20.3,26.4,14.6,20.2,10.1,55.1,0,0,0,,32.2,32.2,0.8,96.5,1022.3,65.2,12.3,8,Partly cloudy throughout the day.
2023-08-24,25.2,15.6,19.8,25.2,15.6,19.8,10.2,55.9,0,0,0,,30.4,30.4,1.5,79.9,1022.8,58.1,12.2,10,Partly cloudy throughout the day.
2023-08-25,27.1,12.5,19.7,26.5,12.5,19.7,10,56.5,0,0,0,rain,27.5,27.5,0,100.3,1022.3,47.5,12.4,10,Partly cloudy throughout the day.
2023-08-26,27.1,15.7,20.8,26.4,15.7,20.7,10,54.4,0,0,0,rain,25.1,25.1,0,92.9,1022.9,54.9,12.5,10,Partly cloudy throughout the day.
2023-08-27,28.1,14.9,21,27.1,14.9,20.8,10.1,53.9,0,0,0,,29.4,29.4,0.2,105,1024.1,54.3,12.6,10,Partly cloudy throughout the day.
2023-08-28,23.1,15.8,19,23.1,15.8,19,10.2,57.9,0.1,100,4.17,rain,23.7,23.7,0.4,111.5,1026,81.8,12.6,5,Partly cloudy throughout the day with morning rain.
2023-08-29,23,14.1,18.7,23,14.1,18.7,10.1,59.8,0,0,0,rain,21.1,21.1,1.1,142.4,1025.3,85.5,12.7,6,Partly cloudy throughout the day.
2023-08-30,23,15.7,18.7,23,15.7,18.7,11.9,65.5,0.2,100,4.17,rain,21.5,21.5,0.9,132.1,1025.2,88.1,12.7,7,Partly cloudy throughout the day with late afternoon rain.
2023-08-31,23.1,15,18.6,23.1,15,18.6,12.7,70.2,0.2,100,4.17,rain,17.5,17.5,0.4,123.1,1025.2,88.8,12.4,6,Partly cloudy throughout the day with morning rain.
2023-09-01,26,15.1,19.5,26,15.1,19.5,12.8,67.6,3,100,4.17,rain,17.8,17.8,0.4,92.3,1024.8,88,12.5,7,Partly cloudy throughout the day with morning rain.
2023-09-02,25.9,16.7,20.1,25.9,16.7,20.1,12.2,61.9,0,0,0,rain,25.1,25.1,0,99.3,1024.4,77.2,12.2,8,Partly cloudy throughout the day.
2023-09-03,27.1,15.6,20.8,26.7,15.6,20.7,11.1,56.7,0,0,0,rain,28.2,28.2,0,102.6,1023.2,69,12.1,10,Partly cloudy throughout the day.
2023-09-04,25.9,15.7,19.9,25.9,15.7,19.9,11.1,58.8,0,0,0,,26.7,26.7,0.4,87.6,1022.6,82.1,11.9,9,Partly cloudy throughout the day.
2023-09-05,28,14.9,21.1,27.2,14.9,21,11.1,55.3,0,0,0,rain,26.1,26.1,0.4,111.4,1022.7,82.5,12.4,9,Partly cloudy throughout the day.
2023-09-06,29,14.5,20.9,27.7,14.5,20.7,11.2,57.8,0.3,100,4.17,rain,17.8,17.8,0.4,153.7,1023.1,59.3,12.7,9,Partly cloudy throughout the day with afternoon rain.
2023-09-07,28,15.9,19.3,27.6,15.9,19.3,14.2,74.5,2,100,4.17,rain,30.6,30.6,0,203.6,1023.5,87.9,11.8,9,Partly cloudy throughout the day with late afternoon rain.
2023-09-08,22.8,15.1,18.1,22.8,15.1,18.1,14.2,78.9,0.1,100,4.17,rain,25.5,25.5,0,100,1023.8,88.7,11.9,7,Partly cloudy throughout the day with afternoon rain.
2023-09-09,20.2,15,17.4,20.2,15,17.4,14.2,82.6,1,100,4.17,rain,17.1,17.1,0,137.2,1023.7,91.1,10.2,5,Cloudy skies throughout the day with early morning rain.
2023-09-10,25.2,15,19.9,25.2,15,19.9,12.4,64.3,0.3,100,4.17,rain,25.7,25.7,0,106.3,1023.2,88,12.3,8,Partly cloudy throughout the day with afternoon rain.
2023-09-11,26.2,16.7,20.5,26.2,16.7,20.5,12.4,61.5,0,0,0,rain,29.1,29.1,0,101.2,1023.2,88.6,12.7,8,Partly cloudy throughout the day.
2023-09-12,27.6,15,19.9,27.2,15,19.9,13.4,68.8,0,0,0,rain,25.9,25.9,0.4,27.5,1023.3,80,12.2,9,Partly cloudy throughout the day.
2023-09-13,25,16.3,19.5,25,16.3,19.5,13.8,71,0,0,0,rain,22.3,22.3,0.6,125.8,1023.3,79.9,11.5,7,Partly cloudy throughout the day.
2023-09-14,25.1,15.1,20,25.1,15.1,20,11.1,59.7,0,0,0,rain,25.1,25.1,1.3,135.1,1022.7,86.4,12,9,Partly cloudy throughout the day.
2023-09-15,23.1,15.8,19,23.1,15.8,19,11.6,63.5,0,0,0,rain,16.6,16.6,0.4,131.9,1023.1,88,12.3,5,Partly cloudy throughout the day.
2023-09-16,27.1,14.8,20.3,26.8,14.8,20.3,11.8,60.4,0,0,0,rain,22.7,22.7,0.4,64,1022.8,78.9,12.6,8,Partly cloudy throughout the day.
2023-09-17,29.1,16.1,21.4,27.9,16.1,21.3,12.5,60,0,0,0,,24.8,24.8,0,98.3,1021.7,68.3,12.9,9,Partly cloudy throughout the day.
2023-09-18,26.1,16.6,20.6,26.1,16.6,20.6,12.5,61.5,0,0,0,rain,27.2,27.2,0,82.1,1021.8,84,12.3,9,Partly cloudy throughout the day.
2023-09-19,27,15,21,26.8,15,21,12.4,59.6,0.4,100,8.33,rain,27.7,27.7,0.4,110.7,1022.6,80.9,11.8,8,Partly cloudy throughout the day with late afternoon rain.
2023-09-20,28,16,20.8,27.3,16,20.7,12.9,63.1,0,0,0,rain,23.7,23.7,0,201.7,1022.9,86.8,11.8,9,Partly cloudy throughout the day.
2023-09-21,28.8,16.1,21.1,27.9,16.1,21.1,13.2,62.5,0,0,0,,28.7,28.7,0,96.7,1022.6,88,11.4,9,Partly cloudy throughout the day.
2023-09-22,27,17,21.4,26.6,17,21.3,12.2,58.9,0,0,0,rain,24.3,24.3,0.2,73.1,1022.4,87.2,11.6,9,Partly cloudy throughout the day.
2023-09-23,26.4,16,20.8,26.4,16,20.8,11.5,57.6,0,0,0,rain,19.2,19.2,0.4,88.9,1022.9,77.2,11.9,8,Partly cloudy throughout the day.
2023-09-24,25.1,16,19.7,25.1,16,19.7,12.2,64.1,0,0,0,,19,19,0.6,132.2,1023.8,87.6,11.5,6,Partly cloudy throughout the day.
2023-09-25,27.2,14.6,20,26.7,14.6,19.9,12,63.9,0.2,100,4.17,rain,18.4,18.4,0.6,182.3,1023.2,76.7,11.5,10,Partly cloudy throughout the day with late afternoon rain.
2023-09-26,28,15.6,20.2,27.5,15.6,20.2,13.1,66.5,1,100,4.17,rain,24.5,24.5,0.4,162,1022.2,83.6,11.4,9,Partly cloudy throughout the day with late afternoon rain.
2023-09-27,27,16,20.7,26.7,16,20.7,13,63.9,0,0,0,,27.1,27.1,0.5,84.6,1022.1,81.5,12.3,8,Partly cloudy throughout the day.
2023-09-28,24.1,16.8,19.9,24.1,16.8,19.9,13.1,66.7,0,0,0,rain,27.1,27.1,0.5,89.3,1023.6,84.3,12.1,7,Partly cloudy throughout the day.
2023-09-29,27.9,14.8,20.7,27.1,14.8,20.6,11.8,60.9,0,0,0,rain,26.3,26.3,0,116.8,1023.3,72.8,13,10,Partly cloudy throughout the day.
2023-09-30,27,15.9,20.9,26.6,15.9,20.8,12.5,61.9,0,0,0,rain,26.1,26.1,0.4,111.1,1023.7,86.4,13.2,8,Partly cloudy throughout the day.
2023-10-01,28.9,16.8,21.6,28,16.8,21.5,12.7,60.7,0,0,0,rain,22.9,22.9,1.1,68.2,1023.2,80.7,12.6,8,Partly cloudy throughout the day.
2023-10-02,28.1,14.3,20.8,27.3,14.3,20.8,12.2,60.3,0,0,0,,26.3,26.3,0.2,104.6,1023.4,73.1,12.8,10,Partly cloudy throughout the day.
2023-10-03,27,14.6,20.1,26.5,14.6,20.1,9.5,53.2,0,0,0,rain,23.3,23.3,0.6,85.3,1023.3,38.8,12.4,10,Partly cloudy throughout the day.
2023-10-04,23.6,16.2,19,23.6,16.2,19,13.3,70.8,0.1,100,4.17,rain,28.7,28.7,1.3,104.9,1023.9,78.5,12.7,9,Partly cloudy throughout the day with afternoon rain.
2023-10-05,23.2,15.1,18.7,23.2,15.1,18.7,13.1,72,2,100,4.17,rain,21.9,21.9,0.2,104.2,1024.3,89.1,11,5,Partly cloudy throughout the day with morning rain.
2023-10-06,27,15.1,20.7,26.6,15.1,20.7,11.9,60.1,0,0,0,rain,25.3,25.3,0.4,95.5,1023,76.8,12.5,8,Partly cloudy throughout the day.
2023-10-07,27.6,16,20.9,26.8,16,20.8,11,57,0,0,0,rain,26.7,26.7,0.4,87.5,1022.6,75.5,12.6,10,Partly cloudy throughout the day.
2023-10-08,29.1,14.7,22,27.7,14.7,21.7,9.2,47.8,0,0,0,,32.4,32.4,0,77.4,1022.7,44.7,13,10,Partly cloudy throughout the day.
2023-10-09,29.1,15.1,22.2,27.8,15.1,22,11.1,53.5,0,0,0,,39.9,39.9,0.4,78,1022.9,48.7,12.5,10,Partly cloudy throughout the day.
2023-10-10,28.1,16.9,22,27.2,16.9,21.9,12.6,58.9,0,0,0,rain,36.5,36.5,12.4,84.7,1022.3,75.9,12.4,9,Partly cloudy throughout the day.
2023-10-11,27.1,16.5,21.3,26.6,16.5,21.2,11.9,58,0,0,0,rain,27.7,27.7,9.6,74.6,1022.7,83.9,12.2,10,Partly cloudy throughout the day.
2023-10-12,28.1,16,22.2,27.2,16,22.1,11.3,53,0,0,0,rain,33.2,33.2,1.3,67.1,1023,81.4,12.1,10,Partly cloudy throughout the day.
2023-10-13,29.2,16,23,28,16,22.7,11.4,52.1,0,0,0,rain,32.9,32.9,0.2,72.2,1022.6,45.7,13.8,10,Becoming cloudy in the afternoon.
2023-10-14,29,17,22.9,28,17,22.7,13.1,57.1,0,0,0,rain,33,33,0.9,74.7,1021.5,72.2,12.9,10,Partly cloudy throughout the day.
2023-10-15,28.1,18.6,22.8,27.6,18.6,22.7,14.2,61.3,0,0,0,rain,29.5,29.5,11.3,71.7,1020.7,78,12.6,9,Partly cloudy throughout the day.
2023-10-16,25.8,18,20.7,25.8,18,20.7,14.9,71.2,5,100,4.17,rain,27.3,27.3,7.6,71.1,1021.6,76,12.3,9,Partly cloudy throughout the day with morning rain.
2023-10-17,27.1,17,21.2,27.3,17,21.2,14.8,69.9,29,100,4.17,rain,36.7,36.7,0.9,65.2,1022.1,77.4,11.4,9,Partly cloudy throughout the day with early morning rain.
2023-10-18,26.1,17,20.9,26.1,17,20.9,15,71,2,100,4.17,rain,32.6,32.6,7.9,72.3,1023,75.7,12,10,Partly cloudy throughout the day with early morning rain.
2023-10-19,25.1,17.1,20.4,25.1,17.1,20.4,14.9,72.8,1,100,4.17,rain,31.4,31.4,9.2,96.1,1023.6,85.6,12.7,9,Partly cloudy throughout the day with morning rain.
2023-10-20,25,16,20.6,25,16,20.6,13.2,65.6,0,0,0,rain,27.3,27.3,9.2,91.3,1023.4,87.1,12.2,8,Partly cloudy throughout the day.
2023-10-21,26,17.5,21.1,26,17.5,21.1,13.2,63,0,0,0,rain,27.3,27.3,0.9,87.5,1023.3,87.2,12.2,9,Partly cloudy throughout the day.
2023-10-22,27,17.7,22.2,26.6,17.7,22.1,11.2,52.8,0,0,0,,27.3,27.3,0.8,78.8,1022.7,79.6,12.6,8,Partly cloudy throughout the day.
2023-10-23,27,16,21.5,26.6,16,21.4,11.7,56.3,0,0,0,,25.5,25.5,1,66.6,1021.8,62.5,11.8,10,Partly cloudy throughout the day.
2023-10-24,27.1,17.6,22.2,26.8,17.6,22.2,12.1,55,0,0,0,rain,33,33,0.5,74.7,1020.7,58.6,13.4,10,Partly cloudy throughout the day.
2023-10-25,27.1,17.4,22,26.8,17.4,22,13.4,60.1,0.1,100,4.17,rain,34.1,34.1,7.9,78.8,1020.6,82,13.6,9,Partly cloudy throughout the day with morning rain.
2023-10-26,25.9,17,20.7,25.9,17,20.7,14.1,67.3,0,0,0,rain,33.3,33.3,9.4,78.7,1022.1,79.1,12.4,10,Partly cloudy throughout the day.
2023-10-27,25,17,20.7,25,17,20.7,13.5,66.4,5,100,4.17,rain,28.3,28.3,9,76.2,1021.4,78.6,13.3,10,Partly cloudy throughout the day with early morning rain.
2023-10-28,26,16.1,21.1,26,16.1,21.1,13.1,62.5,0,0,0,rain,22.3,22.3,1.3,74.1,1021.3,76.9,12.9,9,Partly cloudy throughout the day.
2023-10-29,26,16.5,21.4,26,16.5,21.4,13,61.3,0,0,0,rain,26.7,26.7,6,84.5,1020.9,73.5,12.8,8,Partly cloudy throughout the day.
2023-10-30,26.6,16.5,21.3,26.6,16.5,21.3,13.2,62.7,0.2,100,4.17,rain,28.7,28.7,2.3,71.9,1020.9,76.5,13.3,9,Partly cloudy throughout the day with morning rain.
2023-10-31,25,17,19.7,25,17,19.7,15.2,76.4,8,100,8.33,rain,36.5,36.5,1.1,75.5,1020.7,73.1,12.2,9,Partly cloudy throughout the day with rain in the morning and afternoon.
2023-11-01,24.2,16.9,20.5,24.2,16.9,20.5,14.1,69.1,3,100,4.17,rain,21.5,21.5,10.2,76.8,1020.9,86.9,12,9,Partly cloudy throughout the day with morning rain.
2023-11-02,24,16.1,19.6,24,16.1,19.6,15.7,79.7,3,100,8.33,rain,27.5,27.5,0.6,99.3,1020.9,87.9,11.8,6,Partly cloudy throughout the day with rain in the morning and afternoon.
2023-11-03,23.9,16.2,18.3,23.9,16.2,18.3,16.1,87.9,18,100,8.33,rain,15.2,15.2,0.4,159.8,1021.3,90.6,11.2,5,Cloudy skies throughout the day with rain clearing later.
2023-11-04,22.1,15.8,18.7,22.1,15.8,18.7,15,79.8,220,100,8.33,rain,24.5,24.5,0.5,133.3,1021.7,89.2,11.3,4,Partly cloudy throughout the day with rain clearing later.
2023-11-05,23.1,16.7,19.1,23.1,16.7,19.1,15.9,82.4,0,0,0,rain,19,19,1.7,68.2,1021.7,88.5,12.2,6,Partly cloudy throughout the day.
2023-11-06,25,17,19.9,25,17,19.9,15.3,77.1,12,100,4.17,rain,27.3,27.3,0.9,65.4,1021.7,85.6,13.3,8,Partly cloudy throughout the day with late afternoon rain.
2023-11-07,25,16,19.9,25,16,19.9,15.1,75.9,1.7,100,8.33,rain,28.5,28.5,0,83.4,1022.8,84.3,11.8,9,Partly cloudy throughout the day with rain.
2023-11-08,21,17.1,18.7,21,17.1,18.7,16.3,86.2,12,100,8.33,rain,17.3,17.3,0.4,51.8,1022.4,89.6,11.3,8,Partly cloudy throughout the day with rain in the morning and afternoon.
2023-11-09,24,15,19.6,24,15,19.6,14,72,0,0,0,rain,27.5,27.5,0.5,71.5,1022.3,81.2,12.1,9,Partly cloudy throughout the day.
2023-11-10,24.1,16.1,19.6,24.1,16.1,19.6,14.6,74.8,6,100,4.17,rain,25.7,25.7,1.3,71.8,1022.4,88.4,11.8,8,Partly cloudy throughout the day with late afternoon rain.
2023-11-11,23,14.9,18.9,23,14.9,18.9,14.7,77.9,11,100,4.17,rain,32.4,32.4,10.5,75.1,1023.4,83,11.7,4,Partly cloudy throughout the day with morning rain.
2023-11-12,24,16.8,19.5,24,16.8,19.5,15.7,79.6,0,0,0,rain,158.3,158.3,3.2,66.5,1023,88.2,11.7,8,Partly cloudy throughout the day.
2023-11-13,23.9,16.1,19.1,23.9,16.1,19.1,15.9,82.9,0.2,100,4.17,rain,32.4,32.4,1.7,74.8,1023.1,89.1,11,8,Partly cloudy throughout the day with afternoon rain.
2023-11-14,24,16.2,19.7,24,16.2,19.7,15.6,78.6,0.1,100,4.17,rain,27.7,27.7,1.3,73.1,1022.8,84,12.2,9,Partly cloudy throughout the day with early morning rain.
2023-11-15,23,17,19.3,23,17,19.3,15.8,81.4,0.1,100,4.17,rain,19.7,19.7,0.6,76.8,1022.3,82.3,12.8,8,Partly cloudy throughout the day with early morning rain.
2023-11-16,22.1,16.9,19.2,22.1,16.9,19.2,15.7,81,3,100,4.17,rain,22.7,22.7,0,87,1022.4,88.5,12.5,9,Partly cloudy throughout the day with afternoon rain.
2023-11-17,23.1,16.1,19,23.1,16.1,19,15.7,82.2,0.3,100,8.33,rain,27.3,27.3,0.6,74.3,1022.8,78,11.8,9,Partly cloudy throughout the day with rain in the morning and afternoon.
2023-11-18,24.1,16.1,19.9,24.1,16.1,19.9,15.3,76.3,11,100,8.33,rain,22.1,22.1,0.4,93.7,1022.8,73.2,12.2,8,Partly cloudy throughout the day with rain clearing later.
2023-11-19,24.1,16.3,19.4,24.1,16.3,19.4,15.7,80.3,7,100,8.33,rain,26.3,26.3,0,98.3,1022.1,86,12.7,9,Partly cloudy throughout the day with rain.
2023-11-20,23.1,15.8,19.1,23.1,15.8,19.1,15.2,78.7,6,100,4.17,rain,25.1,25.1,1.1,72.1,1022.2,86.5,11.6,7,Partly cloudy throughout the day with morning rain.
2023-11-21,23.1,16.1,18.8,23.1,16.1,18.8,16.1,85.2,28,100,8.33,rain,18.6,18.6,0.8,76.8,1021.7,85.7,11.5,5,Partly cloudy throughout the day with rain in the morning and afternoon.
2023-11-22,23,16.7,19.1,23,16.7,19.1,16,83.1,38,100,8.33,rain,27.5,27.5,7.2,69.7,1021.6,86.3,11.7,7,Partly cloudy throughout the day with rain.
2023-11-23,23,16,18.7,23,16,18.7,15.7,83.5,2,100,4.17,rain,29.8,29.8,9.6,73.7,1021.9,87.6,11.7,7,Partly cloudy throughout the day with late afternoon rain.
2023-11-24,23,16.1,19,23,16.1,19,15.7,82.5,5,100,4.17,rain,23.7,23.7,0,80.8,1020.6,87.1,12.1,6,Partly cloudy throughout the day with early morning rain.
2023-11-25,24.9,16.5,19.5,24.9,16.5,19.5,15.6,79.6,0,0,0,rain,23.7,23.7,0.5,84.9,1020.4,87.9,12.7,7,Partly cloudy throughout the day.
2023-11-26,23.9,16.9,19,23.9,16.9,19,15.9,82.7,5,100,8.33,rain,25.7,25.7,0.5,75.2,1022.2,83,11.6,9,Partly cloudy throughout the day with rain.
2023-11-27,25.9,16.8,20.3,25.9,16.8,20.3,14.7,73,0.1,100,4.17,rain,23.5,23.5,1.3,67.3,1022.2,74,12.2,9,Partly cloudy throughout the day with early morning rain.
2023-11-28,24,17.6,20.2,24,17.6,20.2,14.6,72,0,0,0,rain,26.1,26.1,0.8,62.3,1021,84.6,12,8,Partly cloudy throughout the day.
2023-11-29,25.9,17.4,20.7,25.9,17.4,20.7,14,68.1,0,0,0,rain,33.5,33.5,9,76.9,1020.7,78.9,12.3,10,Partly cloudy throughout the day.
2023-11-30,25,16.7,20.6,25,16.7,20.6,13.4,66.7,0,0,0,rain,26.1,26.1,0.5,60,1022.4,75,12.1,10,Partly cloudy throughout the day.
2023-12-01,25.7,15.9,20.5,25.7,15.9,20.5,13.2,66.2,0,0,0,,32.4,32.4,0.4,72.7,1022.5,67.4,12.3,10,Partly cloudy throughout the day.
2023-12-02,26,16.9,20.9,26,16.9,20.9,13.5,64.8,0,0,0,rain,22.9,22.9,0.2,70.4,1021.7,76.6,12,9,Partly cloudy throughout the day.
2023-12-03,25,16.2,19.9,25,16.2,19.9,14.6,73.3,0,0,0,rain,32.6,32.6,1.3,71.2,1021.9,75.3,11.7,9,Partly cloudy throughout the day.
2023-12-04,24.1,16.1,19.8,24.1,16.1,19.8,13.9,70.8,0.2,100,4.17,rain,35.4,35.4,1.7,67.9,1022.5,76.2,12.3,10,Partly cloudy throughout the day with morning rain.
2023-12-05,25.6,16.9,20.6,25.6,16.9,20.6,13.3,65.7,0,0,0,rain,23.3,23.3,2.3,59.3,1022,72,12.6,9,Partly cloudy throughout the day.
2023-12-06,25,17.5,20.6,25,17.5,20.6,12.9,63,0,0,0,,27.3,27.3,0.8,74.4,1023.1,73,12.3,9,Partly cloudy throughout the day.
2023-12-07,26,16.7,21,26,16.7,21,10.6,54.7,0,0,0,,32.2,32.2,0,71.3,1022.1,37.9,13,10,Partly cloudy throughout the day.
2023-12-08,26.1,16.8,21,26.1,16.8,21,10.5,56.1,0,0,0,,27.3,27.3,0,61.6,1022,50.2,12.2,9,Clearing in the afternoon.
2023-12-09,25,16.5,20.3,25,16.5,20.3,13.5,67.2,0,0,0,rain,26.5,26.5,9.4,64.6,1021.7,78.9,12.8,10,Partly cloudy throughout the day.
2023-12-10,24.1,16.9,19.8,24.1,16.9,19.8,15,74.9,0,0,0,rain,24.5,24.5,0,67.4,1021.8,78.4,11.7,7,Partly cloudy throughout the day.
2023-12-11,25,16,20.1,25,16,20.1,13.9,69.8,0,0,0,rain,28.2,28.2,0,70.9,1022.7,74.6,11.7,10,Partly cloudy throughout the day.
2023-12-12,26,17,20.8,26,17,20.8,14.1,67.7,0,0,0,rain,27.7,27.7,10.5,69.4,1022,84.9,12.4,10,Partly cloudy throughout the day.
2023-12-13,26.8,18,21.3,26.9,18,21.3,15.4,71.4,0,0,0,rain,27.1,27.1,0.8,79.4,1021.5,86.1,11.6,8,Partly cloudy throughout the day.
2023-12-14,25,17.8,20.1,25,17.8,20.1,16.5,81.1,29,100,4.17,rain,25.3,25.3,1.1,77.4,1021.6,83.5,11.2,7,Partly cloudy throughout the day with morning rain.
2023-12-15,24.9,17.1,19.8,24.9,17.1,19.8,15.8,79.5,8,100,8.33,rain,30.8,30.8,8.3,72.5,1022.6,86.4,12.4,8,Partly cloudy throughout the day with rain.
2023-12-16,23,16.9,19,23,16.9,19,15.3,80.1,0,0,0,rain,36.2,36.2,10.9,68.8,1022.2,86.2,11.6,6,Partly cloudy throughout the day.
2023-12-17,24.1,16.1,19.7,24.1,16.1,19.7,14.2,72.2,0,0,0,rain,29.9,29.9,2.1,68.1,1021.5,82.6,12.1,9,Partly cloudy throughout the day.
2023-12-18,25,17,20.3,25,17,20.3,13.5,67.5,0,0,0,rain,35.2,35.2,9.9,70.5,1021.2,67.8,12.3,10,Partly cloudy throughout the day.
2023-12-19,25,17.6,20.6,25,17.6,20.6,13,64.4,0,0,0,rain,22.6,22.6,1.3,65.1,1021.7,74.7,11.9,8,Partly cloudy throughout the day.
2023-12-20,25.9,16.5,20.9,25.9,16.5,20.9,12.9,62.1,0,0,0,,21.6,21.6,0.8,61.3,1022.4,57.8,12.2,8,Partly cloudy throughout the day.
2023-12-21,25.9,16.1,20.7,25.9,16.1,20.7,13.5,65,0,0,0,rain,33.7,33.7,1.1,65.3,1023,74.4,12.1,10,Partly cloudy throughout the day.
2023-12-22,26,16.1,20.7,26,16.1,20.7,13.9,67.1,0,0,0,rain,35.8,35.8,1.1,72.9,1023.6,68.7,12,8,Partly cloudy throughout the day.
2023-12-23,23.9,16.1,19.9,23.9,16.1,19.9,15,74.7,0,0,0,rain,27.1,27.1,1.1,62.5,1023.9,77,12.4,8,Partly cloudy throughout the day.
2023-12-24,26,17.9,21.4,26,17.9,21.4,15.1,69.7,0,0,0,rain,25.9,25.9,1.1,67.4,1023.9,70.8,12.9,9,Partly cloudy throughout the day.
2023-12-25,26,17.4,21.1,26,17.4,21.1,15.5,73,0,0,0,rain,31.4,31.4,1.5,67.7,1022.6,77.3,12.7,8,Partly cloudy throughout the day.
2023-12-26,24,17.7,20,24,17.7,20,15.6,77,0,0,0,rain,33,33,1.5,64.4,1021.9,79.1,12.8,9,Partly cloudy throughout the day.
2023-12-27,24.9,16,20,24.9,16,20,13.1,67.3,0,0,0,,35.3,35.3,0.8,66.9,1022.8,77.3,12.5,9,Partly cloudy throughout the day.
2023-12-28,26.5,13.9,20.7,26.5,13.9,20.7,12.5,62.3,0,0,0,rain,22.1,22.1,0,73.4,1023.6,51,12.8,10,Partly cloudy throughout the day.
2023-12-29,26,18.6,21.9,26,18.6,21.9,14.7,65.1,0.5,100,12.5,rain,37.1,37.1,0.9,73.6,1023,65.3,12.5,7,Partly cloudy throughout the day with rain in the morning and afternoon.
2023-12-30,26,18.9,21.6,26,18.9,21.6,15,68.1,0.2,100,4.17,rain,35.3,35.3,9.2,70.3,1022.5,79.3,12.8,9,Partly cloudy throughout the day with afternoon rain.
2023-12-31,27,18.7,22.3,26.8,18.7,22.3,14.2,62.6,0.1,100,4.17,rain,33.5,33.5,0,62.1,1022.5,76.7,13.1,8,Partly cloudy throughout the day with morning rain.
2024-01-01,27,18.7,22,27.1,18.7,22,14.4,63.6,0.6,100,8.33,rain,27.7,27.7,0,70.5,1023.3,74.1,12.7,7,Partly cloudy throughout the day with afternoon rain.
2024-01-02,26,16.7,21.5,26,16.7,21.5,15.2,68.9,0.7,100,20.83,rain,25.9,25.9,0,71.2,1022,81.7,13.4,10,Partly cloudy throughout the day with rain.
2024-01-03,26,17.1,21.4,26,17.1,21.4,14.3,65.2,1.5,100,37.5,rain,31.7,31.7,6.8,72.7,1021.3,88.7,13.3,8,Partly cloudy throughout the day with rain.
2024-01-04,27,17.9,21.9,27,17.9,21.9,13.7,60.8,0.3,100,12.5,rain,27.7,27.7,0,64.5,1022.5,85.1,13.7,8,Partly cloudy throughout the day with rain in the morning and afternoon.
2024-01-05,25,15.8,19.6,25,15.8,19.6,15.1,76.6,2.7,100,33.33,rain,21.3,21.3,0,244.8,1023.5,89.8,12.1,7,Partly cloudy throughout the day with rain.
2024-01-06,24,16.5,19.7,24,16.5,19.7,15.7,78.8,4.2,100,75,rain,27.7,27.7,0,54.7,1022.9,87.6,13.1,6,Partly cloudy throughout the day with a chance of rain throughout the day.
2024-01-07,24,17,19.9,24,17,19.9,15.2,75.3,1.1,100,20.83,rain,20.7,20.7,0,76.4,1022.9,83.5,12.4,5,Partly cloudy throughout the day with early morning rain.
2024-01-08,25,17,20.5,25,17,20.5,14.1,67.9,0.1,100,4.17,rain,25.9,25.9,0,71.9,1022.1,66.7,12.6,9,Partly cloudy throughout the day with afternoon rain.
2024-01-09,25,15.5,20.9,25,15.5,20.9,13.6,64.9,0,0,0,rain,22.3,22.3,0,71.1,1021.4,80.6,13.3,9,Partly cloudy throughout the day.
2024-01-10,24.8,16.2,20.1,24.8,16.2,20.1,14.8,72.5,2.4,100,50,rain,18.4,18.4,0,65.6,1020.8,84.3,15.1,4,Partly cloudy throughout the day with rain.
2024-01-11,26,17,20,26,17,20,15.8,78.4,4.6,100,45.83,rain,22.3,22.3,0,119.5,1021.3,90.1,14.8,7,Cloudy skies throughout the day with rain.
2024-01-12,25,16.9,19.8,25,16.9,19.8,15.6,78.3,11.6,100,58.33,rain,16.6,16.6,0,23.8,1021.1,89.2,12.4,8,Partly cloudy throughout the day with rain.
2024-01-13,22,16,18.7,22,16,18.7,16,84.8,2,100,8.33,rain,12.8,12.8,0,37.4,1021.9,92.5,11.2,6,Cloudy skies throughout the day with rain.
2024-01-14,25.9,17.8,20.6,25.9,17.8,20.6,16.1,77.1,0.6,100,4.17,rain,17.3,17.3,0,72.3,1022.2,88.1,12.6,7,Partly cloudy throughout the day with early morning rain.
2024-01-15,26,17.6,21.2,26,17.6,21.2,15.9,73.1,0.1,100,4.17,rain,24.8,24.8,0.4,61.8,1022.7,84.8,13,7,Partly cloudy throughout the day with morning rain.
2024-01-16,26,17.7,21.5,26,17.7,21.5,15,68.2,0.4,100,8.33,rain,29.5,29.5,0,59.3,1023.2,74,12.9,9,Partly cloudy throughout the day with afternoon rain.
2024-01-17,25,16.6,21,25,16.6,21,15,69.6,0.8,100,16.67,rain,18.4,18.4,0,68.6,1022.2,74.7,14,8,Partly cloudy throughout the day with rain.
2024-01-18,23,17.7,20,23,17.7,20,14.9,73,1,100,16.67,rain,33.3,33.3,0,282.5,1023.1,73.7,13.1,7,Partly cloudy throughout the day with rain.
2024-01-19,27.8,16,21.1,27.5,16,21.1,14,67,0,0,0,rain,18,18,0,99.3,1021.4,63.8,13.2,10,Partly cloudy throughout the day.
2024-01-20,25,17.8,19.5,25,17.8,19.5,16.4,82.8,17,100,4.17,rain,27.7,27.7,0,14,1021.9,86.3,12.7,9,Partly cloudy throughout the day with morning rain.
2024-01-21,25,18,20.6,25,18,20.6,15.4,73.7,2,100,4.17,rain,18.4,18.4,0,75.3,1022.4,87.7,18.9,8,Partly cloudy throughout the day with early morning rain.
2024-01-22,25,17,20.9,25,17,20.9,13.9,66.1,0,0,0,rain,25.9,25.9,0,64.7,1023.5,76.3,12.9,8,Partly cloudy throughout the day.
2024-01-23,26.1,14.7,20.7,26.1,14.7,20.7,12.6,61.6,0,0,0,,24.1,24.1,0,73,1024.5,52.9,12.4,9,Partly cloudy throughout the day.
2024-01-24,27,14.7,21.4,26.7,14.7,21.4,12.1,58.5,0,0,0,,26.9,26.9,0.5,67.1,1023.9,42.7,12.8,10,Partly cloudy throughout the day.
2024-01-25,27,15.8,21.8,27.1,15.8,21.8,13.1,59.5,0,0,0,,29.5,29.5,0.2,57.2,1023.7,67.6,13.7,9,Partly cloudy throughout the day.
2024-01-26,27,18.6,22,26.9,18.6,22,14.4,64,0.1,100,4.17,rain,33,33,0,68.3,1023.7,85.4,13.5,8,Partly cloudy throughout the day with morning rain.
2024-01-27,26.9,18.8,21.9,26.9,18.8,21.9,14.8,66.1,0,0,0,rain,27.7,27.7,7.6,71.2,1023.7,83.2,12.3,9,Partly cloudy throughout the day.
2024-01-28,26.9,18,22,26.8,18,21.9,14,62.7,0,0,0,rain,35.6,35.6,0.8,74.6,1023.3,70.5,12.9,9,Partly cloudy throughout the day.
2024-01-29,27,17.8,21.9,27,17.8,21.9,13.8,62.6,0,0,0,rain,26.9,26.9,1.1,71.6,1023.4,66.7,13.2,10,Partly cloudy throughout the day.
2024-01-30,27,17.1,22.2,26.8,17.1,22.2,13.8,61.2,0,0,0,rain,24.1,24.1,0.5,64.9,1023.7,86.6,13,9,Partly cloudy throughout the day.
2024-01-31,26.1,17.9,21.7,26.1,17.9,21.7,14.1,63.8,0,0,0,rain,27.9,27.9,0.6,63,1023.7,83.4,13.5,9,Partly cloudy throughout the day.
2024-02-01,26.9,17.4,21.7,26.5,17.4,21.7,12.2,57.6,0,0,0,,20.9,20.9,0.6,74.7,1024.7,72.5,13.3,9,Partly cloudy throughout the day.
2024-02-02,27.9,15.4,21.5,26.9,15.4,21.4,11.9,58,0,0,0,rain,19.9,19.9,0,78.5,1023.5,67.2,13.4,10,Partly cloudy throughout the day.
2024-02-03,28,17.8,22.9,27.1,17.8,22.7,12.6,54.8,0,0,0,rain,34.8,34.8,0,82.5,1022.3,64.4,14.4,10,Partly cloudy throughout the day.
2024-02-04,28,17.8,22.3,27.4,17.8,22.3,13.3,58.5,0,0,0,rain,33.6,33.6,0,65.6,1023.7,63.1,14.1,10,Partly cloudy throughout the day.
2024-02-05,28,17.9,22.4,27,17.9,22.2,12.5,57.2,0,0,0,rain,33,33,1.1,64.3,1024,75.3,14,10,Partly cloudy throughout the day.
2024-02-06,29,18.2,22.7,27.6,18.2,22.5,12.2,55.7,0,0,0,,32.8,32.8,0.9,64.8,1024.7,65.5,13.6,10,Partly cloudy throughout the day.
2024-02-07,27,16.4,21.9,26.7,16.4,21.9,12.3,56.3,0,0,0,rain,23.9,23.9,0.4,75.5,1024.8,60.5,14,10,Partly cloudy throughout the day.
2024-02-08,26.5,17.9,21.7,26.5,17.9,21.7,14.2,63.6,0,0,0,rain,25.5,25.5,0.4,64.5,1024.4,72.4,13.3,9,Partly cloudy throughout the day.
2024-02-09,28.1,17.8,22.8,27.4,17.8,22.7,14.1,60.8,0,0,0,,35.4,35.4,0.4,62.4,1022.8,66.4,12.4,9,Partly cloudy throughout the day.
2024-02-10,27.9,18.6,22.5,27.6,18.6,22.4,14.3,61.7,0,0,0,,35.6,35.6,1.1,67,1023.3,73.8,12.7,8,Partly cloudy throughout the day.
2024-02-11,27.3,17.1,21.5,27,17.1,21.5,14.1,65.6,0.3,100,4.17,rain,28,28,0,64.3,1020,48.3,19.9,9,Partly cloudy throughout the day with afternoon rain.
2024-02-12,28,15.4,22.1,27.3,15.4,22,12.8,59,0,0,0,rain,27.7,27.7,0,70.2,1021.5,49.9,17.3,9,Partly cloudy throughout the day.
2024-02-13,28.1,17.8,22.8,27.5,17.8,22.7,13.2,57,0,0,0,,27.1,27.1,0.4,68.9,1022.9,50,12.4,9,Clearing in the afternoon.
2024-02-14,28.7,17,22.8,27.7,17,22.6,12.3,55.6,0,0,0,,39.9,39.9,0,69.6,1022.2,52.4,11.7,10,Partly cloudy throughout the day.
2024-02-15,29,17.8,22.9,27.7,17.8,22.7,10.7,48.8,0,0,0,,26.6,26.6,0.4,64.4,1022.8,34.7,12.1,10,Partly cloudy throughout the day.
2024-02-16,28,18.7,22.7,27.2,18.7,22.6,12.3,53.8,0,0,0,rain,35.6,35.6,0.6,53.1,1023.8,44.5,11.5,10,Partly cloudy throughout the day.
2024-02-17,29,17.4,22.8,27.9,17.4,22.6,12.6,55.8,0,0,0,,36.5,36.5,0.4,64.2,1023,36.9,12.2,10,Partly cloudy throughout the day.
2024-02-18,31,15.5,23.6,29.2,15.5,23.2,12.1,53.9,0,0,0,,30.7,30.7,0,65.9,1021.9,31.3,12.7,10,Partly cloudy throughout the day.
2024-02-19,30.3,17.6,24.2,28.9,17.6,23.8,12.8,52.4,0,0,0,rain,23.7,23.7,0,72.5,1021.8,53.6,12.9,10,Partly cloudy throughout the day.
2024-02-20,29.9,19.6,24,28.7,19.6,23.7,13.9,56.2,0,0,0,rain,35.2,35.2,0.4,68.4,1021.9,73.6,13.6,9,Partly cloudy throughout the day.
2024-02-21,29,18.8,23.6,27.8,18.8,23.4,12.8,54.4,0,0,0,,43.9,43.9,1.3,68.2,1020.7,74.1,12.7,10,Partly cloudy throughout the day.
2024-02-22,27,17.9,22,26.7,17.9,21.9,12.2,56.6,0,0,0,,31.2,31.2,1.1,66.6,1021.1,46.9,12.4,10,Partly cloudy throughout the day.
2024-02-23,25.2,17.9,21.4,25.2,17.9,21.4,12.2,57.7,0,0,0,rain,35.1,35.1,11.3,69.1,1021.7,74.6,12.5,9,Partly cloudy throughout the day.
2024-02-24,22,17,18.8,22,17,18.8,15.2,80,0.4,100,16.67,rain,18.4,18.4,0,61,1022.7,89.2,13.5,8,Partly cloudy throughout the day with rain in the morning and afternoon.
2024-02-25,26.2,15.8,21,26.2,15.8,21,13.4,65.5,0,0,0,,20.9,20.9,0,74.5,1021.9,87.7,14.1,10,Partly cloudy throughout the day.
2024-02-26,29,17.8,22.2,28.2,17.8,22.1,14.1,63.7,0,0,0,rain,25,25,0.5,81.3,1021,76.4,13.5,9,Partly cloudy throughout the day.
2024-02-27,27.2,17.7,20.7,27.7,17.7,20.8,15.4,73.4,0,0,0,rain,26.9,26.9,0.5,257.8,1020.9,81.4,13.3,10,Partly cloudy throughout the day.
2024-02-28,27.1,16.7,21,27,16.7,21,14.5,70.1,27,100,8.33,rain,24.3,24.3,0.6,18.3,1021.7,84.9,13.2,10,Partly cloudy throughout the day with rain.
2024-02-29,28,16.1,22,27.4,16.1,21.9,14.4,65.6,15,100,4.17,rain,23.4,23.4,0.4,80,1020.9,72.8,12,10,Partly cloudy throughout the day with morning rain.
2024-03-01,27.1,16.9,22.2,27.1,16.9,22.2,14.3,64.1,0,0,0,rain,22.3,22.3,0.2,72.8,1021.7,83.1,12.4,9,Partly cloudy throughout the day.
2024-03-02,28,18.7,22.7,27.1,18.7,22.6,12.8,57.1,0,0,0,,32.4,32.4,1.1,70,1022.3,63.1,13.7,10,Partly cloudy throughout the day.
2024-03-03,28.2,17.1,22.7,27.4,17.1,22.6,13.1,57.6,0,0,0,rain,26.9,26.9,0.4,67.4,1021.8,52.3,13.7,10,Partly cloudy throughout the day.
2024-03-04,29.1,17,22.9,28.3,17,22.8,13.5,58,8,100,4.17,rain,23.1,23.1,0.5,64.3,1021.3,65,13.4,10,Partly cloudy throughout the day with late afternoon rain.
2024-03-05,26.1,18.7,21.9,26.1,18.7,21.9,15.3,68,0,0,0,rain,27.5,27.5,0.6,74.6,1023,67.9,12.4,8,Partly cloudy throughout the day.
2024-03-06,26.1,17.9,21.5,26.1,17.9,21.5,14.2,65.5,0,0,0,rain,31.8,31.8,1.1,81.1,1024.2,70.2,12.2,10,Partly cloudy throughout the day.
2024-03-07,28,15.9,21.7,27.1,15.9,21.6,13,61.3,0,0,0,rain,18,18,0,90.3,1023.8,65.6,12.6,10,Partly cloudy throughout the day.
2024-03-08,28.7,16.9,22.8,27.8,16.9,22.7,13.5,59,0,0,0,rain,32.2,32.2,0.4,92,1023.1,53.5,12.9,9,Partly cloudy throughout the day.
2024-03-09,27,17.9,22.1,27.1,17.9,22.1,15,66.7,14,100,8.33,rain,31.4,31.4,0.6,69.9,1022.9,79.4,12.7,10,Partly cloudy throughout the day with rain clearing later.
2024-03-10,27.2,18.1,22.5,27,18.1,22.5,13.9,60.8,0,0,0,rain,36,36,0,77,1023.3,69.7,13.8,10,Partly cloudy throughout the day.
2024-03-11,27.1,17.8,22.1,26.8,17.8,22.1,13.1,59.4,0,0,0,rain,33,33,0,55.6,1025,62.3,13.4,10,Partly cloudy throughout the day.
2024-03-12,28.1,14.7,22.1,27.1,14.7,22,10.8,51.5,0,0,0,,25.1,25.1,0.4,74.7,1025.6,21.7,12.2,10,Partly cloudy throughout the day.
2024-03-13,29,15.9,22.2,28,15.9,22,12.4,57,0,0,0,rain,23.2,23.2,0.5,75.7,1024.6,32.6,12.7,10,Partly cloudy throughout the day.
2024-03-14,27.1,17,21.9,26.7,17,21.9,13.3,60.1,3,100,4.17,rain,33,33,0.9,64.2,1024,67.5,12.5,10,Partly cloudy throughout the day with morning rain.
2024-03-15,27.1,17.6,21.7,26.5,17.6,21.6,12,57.1,0,0,0,,36.7,36.7,1.5,68.4,1023.9,64.4,12.5,9,Partly cloudy throughout the day.
2024-03-16,27.1,16.5,21.6,26.6,16.5,21.6,11.4,55.3,0,0,0,,31.8,31.8,0.6,70.1,1023.7,59.6,12.4,10,Partly cloudy throughout the day.
2024-03-17,30,15,23.2,28.6,15,22.8,10.1,47.6,0,0,0,rain,24.1,24.1,0.9,64.3,1022.7,15.4,12.1,10,Clear conditions throughout the day.
2024-03-18,29,18,23.2,27.7,18,23,13.2,57.8,0.1,100,4.17,rain,28.2,28.2,1.1,75.6,1021.5,73.2,12.2,8,Partly cloudy throughout the day with afternoon rain.
2024-03-19,29,18.5,23.1,27.9,18.5,22.9,13.6,59.5,0,0,0,rain,35.8,35.8,2,74.3,1020.9,66.7,12.9,9,Partly cloudy throughout the day.
2024-03-20,28.1,18.6,23,27.5,18.6,22.8,13.5,58.4,0,0,0,rain,32.6,32.6,1.1,71.7,1021.1,72.5,11.8,10,Partly cloudy throughout the day.
2024-03-21,29,18.8,23.1,27.8,18.8,22.9,12.6,56.3,0,0,0,rain,26.5,26.5,0,70.4,1021.3,67.6,12.3,10,Partly cloudy throughout the day.
2024-03-22,30.1,18.6,23.7,28.5,18.6,23.4,12,52.9,0,0,0,rain,27.3,27.3,0.6,85.6,1019.4,47.8,12.3,9,Clearing in the afternoon.
2024-03-23,29.1,18,22.3,28.3,18,22.1,14.8,66.3,1,100,4.17,rain,18.4,18.4,0.8,67.9,1018.8,75.1,12.3,9,Partly cloudy throughout the day with late afternoon rain.
2024-03-24,27.2,17.7,21.4,27.1,17.7,21.4,15.5,72.5,4,100,4.17,rain,21.3,21.3,0,85.7,1020.9,88.5,12.3,9,Partly cloudy throughout the day with morning rain.
2024-03-25,28.1,16.7,21.6,27.7,16.7,21.6,14.9,68.6,1.1,100,25,rain,33.5,33.5,0,64.7,1022.9,86.6,12.5,8,Partly cloudy throughout the day with rain.
2024-03-26,27.1,18.8,22.4,27.1,18.8,22.4,15.5,67.3,0.2,100,8.33,rain,33.5,33.5,1.3,80.8,1021.9,82.4,13.1,9,Partly cloudy throughout the day with morning rain.
2024-03-27,26.1,18,21.5,26.1,18,21.5,15.8,71.4,0,0,0,rain,25.1,25.1,1.4,72.4,1023.1,81.9,11.8,9,Partly cloudy throughout the day.
2024-03-28,26.1,18,21.4,26.1,18,21.4,15.1,69.6,0.9,100,25,rain,28.9,28.9,0.6,71.8,1023.5,70.6,10,9,Partly cloudy throughout the day with a chance of rain throughout the day.
2024-03-29,27.1,17,21.9,27,17,21.9,14.4,64.6,1.2,100,33.33,rain,25.7,25.7,1.8,66.5,1022.4,74.6,10,9,Partly cloudy throughout the day with rain in the morning and afternoon.
2024-03-30,25.9,17,20.4,25.9,17,20.4,16.5,79.8,0.8,100,20.83,rain,25.1,25.1,0,69.6,1022.3,86.4,10,8,Partly cloudy throughout the day with rain.
2024-03-31,25.1,16.8,20.3,25.1,16.8,20.3,15.3,75,3.3,100,58.33,rain,36,36,0,70.8,1022.9,80.7,10.5,9,Partly cloudy throughout the day with a chance of rain throughout the day.
2024-04-01,25.1,17,20.6,25.1,17,20.6,15.4,73.8,1.4,100,37.5,rain,35.8,35.8,1.3,74.7,1022.8,80.2,10.3,9,Partly cloudy throughout the day with rain.
2024-04-02,25.9,17.8,20.7,25.9,17.8,20.7,15.6,74.4,1.8,100,33.33,rain,19.5,19.5,0.6,114.1,1021.8,76.8,10.7,9,Partly cloudy throughout the day with rain.
2024-04-03,25.9,16.8,20.7,25.9,16.8,20.7,15,72.5,1,100,4.17,rain,20.5,20.5,0,112,1021.3,74.7,12.1,9,Partly cloudy throughout the day with morning rain.
2024-04-04,25.1,16.8,20.5,25.1,16.8,20.5,15.1,73.1,1,100,4.17,rain,18.2,18.2,0.5,58.7,1022.1,86.3,12.5,6,Partly cloudy throughout the day with morning rain.
2024-04-05,25.1,17.5,20.6,25.1,17.5,20.6,15.7,75.2,1.9,100,41.67,rain,22.7,22.7,0,68.2,1021.9,85.4,12.4,8,Partly cloudy throughout the day with rain.
2024-04-06,23,16,19,23,16,19,15.8,82.1,4.7,100,83.33,rain,18.4,18.4,0,65.3,1022,76.7,10.8,6,Partly cloudy throughout the day with a chance of rain throughout the day.
2024-04-07,26.1,16.9,21.4,26.1,16.9,21.4,15.6,71.4,3.7,100,33.33,rain,21,21,0,74.2,1021.4,72.3,11.8,9,Partly cloudy throughout the day with rain.
2024-04-08,25.8,17.1,20.8,25.8,17.1,20.8,15.6,73.9,1,100,20.83,rain,16.6,16.6,0,87.6,1020.9,84.6,11.5,8,Partly cloudy throughout the day with a chance of rain throughout the day.
2024-04-09,26.8,16.9,20.6,26.9,16.9,20.6,14.8,72.1,7,100,8.33,rain,20.3,20.3,0.6,50.4,1021.7,78.7,12.2,6,Partly cloudy throughout the day with rain clearing later.
2024-04-10,27,17.8,22.1,27.2,17.8,22.1,14.9,65.9,0,0,0,rain,29.9,29.9,0,64.4,1021.2,66.1,12.8,9,Partly cloudy throughout the day.
2024-04-11,27,16.9,21.8,27.1,16.9,21.8,15.7,70.6,0.4,100,4.17,rain,33.5,33.5,0.5,61.4,1022,78.2,13,8,Partly cloudy throughout the day with afternoon rain.
2024-04-12,25.1,17,21.1,25.1,17,21.1,16.4,76.1,0.4,100,4.17,rain,20.9,20.9,0.4,95.4,1021.8,87.1,13,8,Partly cloudy throughout the day with late afternoon rain.
2024-04-13,25,17.1,20.6,25,17.1,20.6,16.5,79,19.6,100,8.33,rain,20.1,20.1,0,101.7,1021.6,83.9,11.8,9,Partly cloudy throughout the day with rain clearing later.
2024-04-14,26.7,18,20.9,27,18,20.9,16.4,77.6,0.4,100,4.17,rain,18.6,18.6,0,123,1021.8,88.4,12.4,8,Partly cloudy throughout the day with morning rain.
2024-04-15,25,16.3,19.7,25,16.3,19.7,16.3,81.8,26,100,8.33,rain,18.4,18.4,0.9,209.4,1023.5,86.8,12.1,8,Partly cloudy throughout the day with rain.
2024-04-16,26,16,20.5,26,16,20.5,15.3,74.2,6,100,4.17,rain,18.4,18.4,0.4,130.6,1023.5,83.3,12,9,Partly cloudy throughout the day with early morning rain.
2024-04-17,26.1,17.8,20.9,26.1,17.8,20.9,16,75.4,0,0,0,rain,24.7,24.7,0.6,161.9,1022.2,84.2,12.5,9,Partly cloudy throughout the day.
2024-04-18,25.9,17.1,21.2,25.9,17.1,21.2,15.8,73.6,0,0,0,rain,16.8,16.8,0.4,171.8,1022.9,81,12.4,8,Partly cloudy throughout the day.
2024-04-19,26.8,17.1,20.5,27.3,17.1,20.5,16,76.9,0,0,0,rain,25.5,25.5,0.8,199.6,1021.7,86.3,13,8,Partly cloudy throughout the day.
2024-04-20,26,16.9,20.4,26,16.9,20.4,16.5,79.9,0,0,0,rain,30.8,30.8,0.2,234,1020.9,75.7,11.9,10,Partly cloudy throughout the day.
2024-04-21,24.5,17,19.5,24.5,17,19.5,16.5,83.7,59,100,12.5,rain,18.4,18.4,0.4,255.2,1021.8,88.9,11.9,5,Partly cloudy throughout the day with rain.
2024-04-22,26,17,20.1,26,17,20.1,16.5,81.2,4,100,8.33,rain,19.5,19.5,0.4,184.7,1021.5,73.6,11.9,9,Partly cloudy throughout the day with rain clearing later.
2024-04-23,24,18,20.5,24,18,20.5,17.1,81.7,1.2,100,20.83,rain,20.5,20.5,0,136.5,1021.1,86.8,12.4,7,Partly cloudy throughout the day with rain.
2024-04-24,24.8,16.9,19.5,24.8,16.9,19.5,16.7,84.5,15,100,4.17,rain,16.2,16.2,0.4,177.6,1022.3,88.6,12.1,4,Partly cloudy throughout the day with late afternoon rain.
2024-04-25,24.9,17.3,20.3,24.9,17.3,20.3,16.4,79.5,10,100,4.17,rain,27.9,27.9,0.4,221.9,1020.5,88.3,12,10,Partly cloudy throughout the day with late afternoon rain.
2024-04-26,23,17,18.9,23,17,18.9,16.4,85.8,25,100,8.33,rain,25.3,25.3,0,209.7,1021.5,89.7,10.9,6,Partly cloudy throughout the day with rain.
2024-04-27,26,16.1,19.9,26,16.1,19.9,16.1,80.3,39,100,4.17,rain,20.1,20.1,0,190.3,1021.1,88.3,12,9,Partly cloudy throughout the day with late afternoon rain.
2024-04-28,23.1,17,19.3,23.1,17,19.3,16.6,85.2,3.6,100,37.5,rain,18.4,18.4,0,191.9,1021.3,89.1,12,8,Partly cloudy throughout the day with a chance of rain throughout the day.
2024-04-29,24.5,16.6,19.7,24.5,16.6,19.7,16.4,82.5,6,100,8.33,rain,16.3,16.3,0,161.7,1022.2,86.9,11.6,9,Partly cloudy throughout the day with rain.
2024-04-30,25.9,17,20.8,25.9,17,20.8,16.4,77.8,12,100,8.33,rain,19,19,0.2,260.6,1020.8,87.1,12.3,8,Partly cloudy throughout the day with rain.
2024-05-01,24.2,17.8,20.4,24.2,17.8,20.4,16.9,81.1,18.9,100,79.17,rain,19.5,19.5,0,262.3,1019.9,83.6,9.6,7,Partly cloudy throughout the day with a chance of rain throughout the day.
2024-05-02,26,17.7,19.8,26,17.7,19.8,17,84.8,0.8,100,4.17,rain,17.8,17.8,0.3,288.2,1019.9,89.4,11.8,5,Partly cloudy throughout the day with early morning rain.
2024-05-03,25.2,17.7,20.9,25.2,17.7,20.9,16.7,78,62,100,4.17,rain,26.5,26.5,0,254.8,1021.1,88,12.5,7,Partly cloudy throughout the day with morning rain.
2024-05-04,23,17.7,19.5,23,17.7,19.5,16.6,83.9,49,100,12.5,rain,18.6,18.6,0.4,274.9,1022.7,91.8,11.3,3,Cloudy skies throughout the day with rain.
2024-05-05,26.2,17,20.4,26.2,17,20.4,15.9,76.8,1,100,4.17,rain,21.5,21.5,0,263.8,1022.1,87.1,12.4,9,Partly cloudy throughout the day with late afternoon rain.
2024-05-06,24,16.7,19.2,24,16.7,19.2,15.6,80.6,38,100,8.33,rain,18.4,18.4,0.2,160.8,1023,83.3,12,6,Partly cloudy throughout the day with rain clearing later.
2024-05-07,23,17,19.5,23,17,19.5,16.5,83.8,0.4,100,4.17,rain,17.3,17.3,0,149.5,1023.2,85.4,11.5,8,Partly cloudy throughout the day with early morning rain.
2024-05-08,22.3,17.4,19.3,22.3,17.4,19.3,16,81.8,1.9,100,12.5,rain,16.3,16.3,0.4,134.9,1022.8,86.7,11.7,8,Partly cloudy throughout the day with rain.
2024-05-09,23,15.9,18.9,23,15.9,18.9,15,79.3,0,0,0,rain,18,18,0.2,138,1022.4,87.5,12.3,6,Partly cloudy throughout the day.
2024-05-10,23.7,17,19.4,23.7,17,19.4,15.6,79.1,0,0,0,rain,19.7,19.7,0,140.7,1023,88.4,11.4,7,Partly cloudy throughout the day.
2024-05-11,26,16,20.5,26,16,20.5,15.4,74.4,0,0,0,rain,26.5,26.5,0.4,95.5,1023.4,76.3,12.1,8,Partly cloudy throughout the day.
2024-05-12,25,16,20.5,25,16,20.5,15.2,73.7,0.1,100,4.17,rain,26.3,26.3,0.4,79.8,1022.9,62.1,12.4,8,Partly cloudy throughout the day with afternoon rain.
2024-05-13,26,15.9,20.4,26,15.9,20.4,14.3,70.7,0,0,0,rain,17.5,17.5,0,112.5,1022.8,65.8,12,10,Clearing in the afternoon.
2024-05-14,25.1,16.1,20.5,25.1,16.1,20.5,14.6,70.8,0,0,0,rain,21.9,21.9,0.6,137.4,1022.4,86.1,12.3,8,Partly cloudy throughout the day.
2024-05-15,25.6,17,20.8,25.6,17,20.8,15.1,71.3,0,0,0,rain,16.4,16.4,0.4,169.1,1023.1,86.9,12,7,Partly cloudy throughout the day.
2024-05-16,26.4,16.1,20.2,26.4,16.1,20.2,15.3,75.1,18,100,4.17,rain,23.3,23.3,0,186.2,1023.4,85.5,12.4,7,Partly cloudy throughout the day with late afternoon rain.
2024-05-17,26,15.6,20.4,26,15.6,20.4,15.8,76.7,0.1,100,4.17,rain,15.8,15.8,0,113.5,1022.8,82.4,12,8,Partly cloudy throughout the day with afternoon rain.
2024-05-18,26.2,16.9,21.1,26.2,16.9,21.1,15.9,74.2,0,0,0,rain,17.3,17.3,0.4,129.4,1022.1,82.5,12.8,8,Partly cloudy throughout the day.
2024-05-19,26.5,15.9,20.6,26.5,15.9,20.6,15.2,72.3,0.2,100,8.33,rain,23.7,23.7,0.6,224.6,1022.1,66.6,12.8,9,Partly cloudy throughout the day with rain in the morning and afternoon.
2024-05-20,25.6,17.7,20.9,25.6,17.7,20.9,15.6,72.4,0.2,100,8.33,rain,18.4,18.4,0,242.5,1022.5,76.9,12.2,8,Partly cloudy throughout the day with afternoon rain.
2024-05-21,25.1,17,20.5,25.1,17,20.5,15.8,75.7,7,100,4.17,rain,28.7,28.7,0.2,192.3,1023.7,87,12.3,7,Partly cloudy throughout the day with early morning rain.
2024-05-22,24,16,19.8,24,16,19.8,15.4,77.1,5,100,4.17,rain,21.9,21.9,0.2,189.7,1024.1,79.9,12.1,8,Partly cloudy throughout the day with late afternoon rain.
2024-05-23,22.9,16.1,19.1,22.9,16.1,19.1,15.2,78.7,0,0,0,rain,18.2,18.2,0,147.1,1023.8,84,12.1,8,Partly cloudy throughout the day.
2024-05-24,24.9,15.8,19.7,24.9,15.8,19.7,14.8,74.6,0,0,0,rain,17.5,17.5,0.5,160.1,1023.6,82.7,12.4,7,Partly cloudy throughout the day.
2024-05-25,24.8,16.7,19.4,24.8,16.7,19.4,15.7,80.8,0,0,0,rain,14.6,14.6,0.6,345.2,1023.5,88.9,12.1,7,Partly cloudy throughout the day.
2024-05-26,25,16,20.1,25,16,20.1,15.7,77.1,0,0,0,rain,22.5,22.5,0.4,87.4,1024,79.9,11.9,8,Partly cloudy throughout the day.
2024-05-27,26.9,15.3,20.6,27.1,15.3,20.6,14.7,71.5,0.1,100,4.17,rain,27.5,27.5,0.5,63.5,1024.6,63.8,12.5,8,Partly cloudy throughout the day with morning rain.
2024-05-28,24.1,16,19.2,24.1,16,19.2,15.2,78.9,7,100,4.17,rain,29.5,29.5,0,150.1,1025.2,83.4,12.4,8,Partly cloudy throughout the day with early morning rain.
2024-05-29,24,15.9,19.5,24,15.9,19.5,14.4,73.6,0,0,0,rain,25.1,25.1,0.6,174.8,1024.6,81.4,12.2,7,Partly cloudy throughout the day.
2024-05-30,26,14.7,19.8,26,14.7,19.8,14.8,74.1,0,0,0,rain,25.5,25.5,0,104.6,1023.6,80.5,11.6,8,Partly cloudy throughout the day.
2024-05-31,26,15.6,20.2,26,15.6,20.2,14.5,71,2,100,4.17,rain,21,21,0.9,130.9,1024,75.5,12,8,Partly cloudy throughout the day with late afternoon rain.
2024-06-01,25.1,15.6,19.6,25.1,15.6,19.6,14.7,74.7,0,0,0,rain,20.3,20.3,0,157.2,1024.2,66.4,12.3,8,Partly cloudy throughout the day.
2024-06-02,25.1,15.8,20,25.1,15.8,20,15.3,76,0,0,0,rain,17.5,17.5,0.6,154.6,1024,84.7,12,8,Partly cloudy throughout the day.
2024-06-03,25,16,20.3,25,16,20.3,15.4,74.5,0,0,0,rain,18,18,0.4,92.7,1023.4,86.7,12.2,8,Partly cloudy throughout the day.
2024-06-04,26.1,16.9,20.2,26.1,16.9,20.2,15.9,77.3,12,100,4.17,rain,21.5,21.5,0,175.3,1023.1,84,12.2,8,Partly cloudy throughout the day with late afternoon rain.
2024-06-05,24,15.3,19.5,24,15.3,19.5,15.1,76.9,0,0,0,rain,21.5,21.5,0,158.8,1023.1,76.1,12.2,6,Partly cloudy throughout the day.
2024-06-06,23.6,15.8,19.2,23.6,15.8,19.2,14.7,76.2,0,0,0,rain,14.2,14.2,0,120.9,1024.2,87.2,12,6,Partly cloudy throughout the day.
2024-06-07,25.1,15,19.2,25.1,15,19.2,15.2,79.2,0,0,0,rain,32.3,32.3,0.5,212.8,1024.7,83.8,12.4,7,Partly cloudy throughout the day.
2024-06-08,23.9,15.9,18.8,23.9,15.9,18.8,15.2,80.6,0,0,0,rain,18.2,18.2,0.3,175.7,1024.6,87.8,11.6,6,Partly cloudy throughout the day.
2024-06-09,20,15,17.2,20,15,17.2,14,81.6,0,0,0,rain,16.6,16.6,0,161.1,1024.8,89.8,12.1,6,Partly cloudy throughout the day.
2024-06-10,23.6,15,18.7,23.6,15,18.7,13.1,71.2,0,0,0,rain,16.9,16.9,0.3,147,1025.1,87,11.9,5,Partly cloudy throughout the day.
2024-06-11,23.1,12.8,18.2,23.1,12.8,18.2,12.2,69.8,0,0,0,rain,23.3,23.3,0.6,116.4,1025,69.2,12.5,6,Partly cloudy throughout the day.
2024-06-12,24,12.9,18.3,24,12.9,18.3,11.9,67.8,0,0,0,rain,14.4,14.4,0.4,145.8,1025.3,73.6,12.3,7,Partly cloudy throughout the day.
2024-06-13,24.1,12.2,18.8,24.1,12.2,18.8,11.9,66.3,0,0,0,,18.4,18.4,0.4,95.8,1024.9,50.1,12.2,8,Partly cloudy throughout the day.
2024-06-14,24.9,12.3,18.9,24.9,12.3,18.9,12.2,66.8,0,0,0,rain,32.3,32.3,0,86.7,1023.6,42.2,12.8,9,Partly cloudy throughout the day.
2024-06-15,24,14.8,19.1,24,14.8,19.1,12.6,66.9,0,0,0,rain,21.3,21.3,0,72.6,1022.4,69.2,12.3,7,Partly cloudy throughout the day.
2024-06-16,24.1,12.9,19.2,24.1,12.9,19.2,12.1,64.7,0,0,0,rain,23.1,23.1,0,125.4,1022.5,86,12.1,8,Partly cloudy throughout the day.
2024-06-17,25,14,19.1,25,14,19.1,11.9,64.5,0,0,0,,26.7,26.7,0,181.2,1023.5,71.1,12.4,9,Partly cloudy throughout the day.
2024-06-18,24,12.5,18.4,24,12.5,18.4,11,64.3,0,0,0,rain,17.8,17.8,0,124.5,1024.6,46.9,12.2,8,Becoming cloudy in the afternoon.
2024-06-19,23.9,14.9,18.5,23.9,14.9,18.5,13.7,75.1,0,0,0,rain,20.3,20.3,0.2,146.6,1024.2,84.8,12.3,8,Partly cloudy throughout the day.
2024-06-20,20.8,15.1,17.6,20.8,15.1,17.6,13.6,78.5,0.1,100,4.17,rain,21.5,21.5,0.9,118.7,1025.8,88.3,12.1,6,Partly cloudy throughout the day with afternoon rain.
2024-06-21,22,14,17.5,22,14,17.5,12.1,72.6,3,100,4.17,rain,26.9,26.9,0,138.4,1025.8,86.4,11.9,6,Partly cloudy throughout the day with early morning rain.
2024-06-22,22.1,13.5,16.9,22.1,13.5,16.9,11.1,70.5,0,0,0,,18.4,18.4,0,162.9,1024.7,69.5,12.3,6,Partly cloudy throughout the day.
2024-06-23,23,11,16.8,23,11,16.8,10.3,67.5,0,0,0,,16.4,16.4,0,175.8,1024.7,56.1,11.8,5,Partly cloudy throughout the day.
2024-06-24,23,12.6,16.9,23,12.6,16.9,10.8,69.1,0,0,0,,18.4,18.4,0,186.1,1024.9,77.7,12.6,7,Partly cloudy throughout the day.
2024-06-25,24.1,9.8,16.9,24.1,9.8,16.9,9.8,65.1,0,0,0,,18,18,0,169.5,1022.2,45.1,13.7,6,Becoming cloudy in the afternoon.
2024-06-26,22.1,10.9,17.2,22.1,10.9,17.2,10,64.9,0,0,0,,23.5,23.5,0.4,166.5,1023.6,52.6,12.3,7,Partly cloudy throughout the day.
2024-06-27,20.9,13.6,16.4,20.9,13.6,16.4,11.5,74,0,0,0,rain,22.1,22.1,0.5,128.9,1025.4,76.5,12.2,5,Partly cloudy throughout the day.
2024-06-28,21.6,10.8,16.1,21.6,10.8,16.1,10.2,69.3,0,0,0,rain,17.5,17.5,0,155.9,1025.1,54,12.4,5,Partly cloudy throughout the day.
2024-06-29,24.1,13.9,18.2,24.1,13.9,18.2,11.4,66.9,0,0,0,rain,18.6,18.6,0,124.3,1023.9,71.7,12.1,6,Partly cloudy throughout the day.
2024-06-30,22.1,13.7,17.1,22.1,13.7,17.1,11.4,70.5,0,0,0,,16.2,16.2,0,77.4,1024.7,78.8,12,8,Partly cloudy throughout the day.
2024-07-01,25,13,18.4,25,13,18.4,10.8,64.5,0,0,0,rain,21.9,21.9,0.4,138.8,1025.2,71.2,12.1,9,Partly cloudy throughout the day.
2024-07-02,24.1,11.9,18.4,24.1,11.9,18.4,10.8,63.7,0,0,0,,21.3,21.3,0.4,161.3,1025.2,67.1,12.3,9,Partly cloudy throughout the day.
2024-07-03,25,13.8,19.1,25,13.8,19.1,11.3,62.2,0,0,0,,16.3,16.3,0,142.6,1024,68.5,12.1,8,Partly cloudy throughout the day.
2024-07-04,25,14,19.2,25,14,19.2,11.8,63.9,0,0,0,rain,20.5,20.5,0,81.9,1024,72.5,12.1,7,Partly cloudy throughout the day.
2024-07-05,25,14,19,25,14,19,11.6,64,0,0,0,rain,18,18,0,99.4,1023.2,79.8,11.9,6,Partly cloudy throughout the day.
2024-07-06,23,14.8,18.6,23,14.8,18.6,13.4,72.8,7.6,100,33.33,rain,16.6,16.6,0,204.1,1022.2,87.4,12.5,6,Partly cloudy throughout the day with rain.
2024-07-07,24,15.1,18.1,24,15.1,18.1,14.9,83,4.4,100,45.83,rain,14.7,14.7,0,178.9,1022.4,88.4,11.9,6,Partly cloudy throughout the day with rain.
2024-07-08,26,15.6,19.2,26,15.6,19.2,14.5,76.4,3.2,100,33.33,rain,27.7,27.7,0,276.2,1020.7,81.6,10.4,9,Partly cloudy throughout the day with rain.
2024-07-09,24.1,15.3,18.2,24.1,15.3,18.2,14.8,81.4,13.6,100,41.67,rain,18.4,18.4,0,103.9,1019.1,85.3,13.4,8,Partly cloudy throughout the day with rain.
2024-07-10,20,15,17.1,20,15,17.1,12.9,76.9,0,0,0,rain,19.9,19.9,0,129.7,1024.3,84.7,11.9,4,Partly cloudy throughout the day.
2024-07-11,22,11.7,16.7,22,11.7,16.7,10.7,69.6,0,0,0,,18.4,18.4,0,141.1,1024.9,75.6,12.1,8,Partly cloudy throughout the day.
2024-07-12,24,10.9,17.7,24,10.9,17.7,10.6,65.9,0,0,0,rain,18.4,18.4,0,114.7,1024.9,36.8,11.8,9,Partly cloudy throughout the day.
2024-07-13,23,15,17.8,23,15,17.8,12.8,74,0.8,100,25,rain,18.4,18.4,0,165.8,1025.3,85.9,11.6,5,Partly cloudy throughout the day with rain in the morning and afternoon.
2024-07-14,22,14,17.6,22,14,17.6,12.3,72.7,0.2,100,8.33,rain,20.5,20.5,0,168,1025,86.7,11.2,4,Partly cloudy throughout the day with afternoon rain.
2024-07-15,23.9,12,18.4,23.9,12,18.4,11.4,65.3,0,0,0,,17.8,17.8,0,49.5,1024.4,47.6,12,8,Becoming cloudy in the afternoon.
2024-07-16,20,15,17.2,20,15,17.2,13,76.6,1.8,100,41.67,rain,11,11,0,152.1,1024,89.4,12.8,5,Partly cloudy throughout the day with rain.
2024-07-17,21.9,14.8,17,21.9,14.8,17,13.5,80.6,0.9,100,25,rain,16.6,16.6,0,79.9,1024.6,89.3,11.5,5,Partly cloudy throughout the day with rain.
2024-07-18,18,14.9,15.8,18,14.9,15.8,13.5,86.4,0,0,0,rain,14.8,14.8,0,91.2,1024.8,89.6,10.8,3,Partly cloudy throughout the day.
2024-07-19,21.4,14,17.1,21.4,14,17.1,12.4,74.9,0.1,100,4.17,rain,14.8,14.8,0,138.9,1022.9,89.6,13.7,4,Partly cloudy throughout the day with morning rain.
2024-07-20,22,14,18.1,22,14,18.1,12.5,70.4,0.2,100,8.33,rain,16.6,16.6,0,106.6,1023.5,87.9,12.9,5,Partly cloudy throughout the day with rain.
2024-07-21,25,13,18.1,25,13,18.1,13.1,74.6,0.5,100,20.83,rain,18.4,18.4,0,105.6,1023.8,83,12.1,6,Partly cloudy throughout the day with afternoon rain.
2024-07-22,24.1,14,18.3,24.1,14,18.3,12.4,70.5,0,0,0,rain,27.7,27.7,0,154.1,1025.8,88.5,12.3,5,Partly cloudy throughout the day.
2024-07-23,24,13,17.9,24,13,17.9,10.2,63.2,0,0,0,,12.4,12.4,0,100.9,1027.2,84.4,12.1,9,Partly cloudy throughout the day.
2024-07-24,22,13.8,17.2,22,13.8,17.2,10.8,67.3,0,0,0,,13,13,0,160.2,1026,76.9,12.3,7,Partly cloudy throughout the day.
2024-07-25,25.1,12,18.1,25.1,12,18.1,13.1,75,0,0,0,rain,13,13,0,190.6,1023.1,77.8,10.7,7,Partly cloudy throughout the day.
2024-07-26,25.6,12.6,18.6,25.6,12.6,18.6,14.4,78.3,0.9,100,12.5,rain,18.2,18.2,0,226.1,1023.1,88.8,11.4,8,Partly cloudy throughout the day with rain.
2024-07-27,20.1,15,17.2,20.1,15,17.2,14,81.7,0,0,0,rain,9.9,9.9,0,89.8,1024.1,89.3,11.2,4,Partly cloudy throughout the day.
2024-07-28,23,14.8,18.3,23,14.8,18.3,14.4,78.9,0,0,0,rain,18.8,18.8,0,67.8,1023.6,88.3,10.7,7,Partly cloudy throughout the day.
2024-07-29,24,14.1,18.8,24,14.1,18.8,14.1,75.3,0,0,0,rain,29.4,29.4,0,67.6,1022.4,87.6,10.5,6,Partly cloudy throughout the day.
2024-07-30,22.9,15,18.2,22.9,15,18.2,13.8,76.5,6,100,4.17,rain,25.8,25.8,0,87.9,1021.3,90.7,14.7,5,Cloudy skies throughout the day with morning rain.
2024-07-31,21,13.1,17.1,21,13.1,17.1,12.7,76.5,0,0,0,rain,18,18,0,109.3,1022.7,84.4,14.8,5,Partly cloudy throughout the day.
2024-08-01,22,11.8,16.8,22,11.8,16.8,11.3,71.8,0,0,0,rain,16.9,16.9,0,69.5,1025.3,66.3,12.5,8,Partly cloudy throughout the day.
2024-08-02,21.1,13,17,21.1,13,17,11.9,72.9,0,0,0,rain,13.8,13.8,0,196.5,1025.2,80.1,12.1,5,Partly cloudy throughout the day.
2024-08-03,21,13.9,17.5,21,13.9,17.5,12.3,72.2,0,0,0,rain,18.4,18.4,0,153.1,1024.5,87.9,12.1,7,Partly cloudy throughout the day.
2024-08-04,25.9,15,19.2,25.9,15,19.2,12.2,66.7,0,0,0,rain,14.7,14.7,0,154.1,1023.9,79.8,12.1,9,Partly cloudy throughout the day.
2024-08-05,27,11,18.9,26.5,11,18.9,10,60.8,0,0,0,,17.8,17.8,0,229.7,1023,37.8,12.2,9,Partly cloudy throughout the day.
2024-08-06,26,12.8,19.1,26,12.8,19.1,11.4,63.1,0,0,0,,18.7,18.7,0.4,73.4,1022.4,42.8,12.9,10,Partly cloudy throughout the day.
2024-08-07,23.1,12,18.1,23.1,12,18.1,11,65.3,0,0,0,rain,16.7,16.7,0.2,79.4,1022.8,51.6,12.5,8,Partly cloudy throughout the day.
2024-08-08,21,15,17.5,21,15,17.5,13.6,78.4,0,0,0,rain,12.8,12.8,0,111.3,1023.2,86.4,12.3,4,Partly cloudy throughout the day.
2024-08-09,20,15,17,20,15,17,14.2,84.2,0.1,100,4.17,rain,21.7,21.7,0,67.3,1024.3,85,10.7,6,Partly cloudy throughout the day with afternoon rain.
2024-08-10,22.9,14,17.5,22.9,14,17.5,12.6,74.3,0.2,100,4.17,rain,27.7,27.7,0,89.9,1025,88.6,12.2,6,Partly cloudy throughout the day with morning rain.
2024-08-11,21,14.7,17.5,21,14.7,17.5,12.7,74.3,0,0,0,rain,20.1,20.1,0,111.2,1023.3,85.1,12.1,6,Partly cloudy throughout the day.
2024-08-12,23.1,15,18,23.1,15,18,13.4,76.1,0.7,100,25,rain,18.4,18.4,0.4,106.5,1022.8,85.9,10,5,Partly cloudy throughout the day with rain in the morning and afternoon.
2024-08-13,24,14.7,18.8,24,14.7,18.8,11.9,65.9,0.1,100,4.17,rain,24.9,24.9,0.2,101.2,1023.5,86.7,11.8,6,Partly cloudy throughout the day with afternoon rain.
2024-08-14,25,15,19.4,25,15,19.4,12.5,65.8,0,0,0,,19.3,19.3,0,67.5,1023.9,84,12,7,Partly cloudy throughout the day.
2024-08-15,23.9,14.9,18.6,23.9,14.9,18.6,13,71.2,0,0,0,rain,21.7,21.7,0,122.4,1023.7,82.8,12.5,7,Partly cloudy throughout the day.
2024-08-16,24,15,18.3,24,15,18.3,12.3,70,0,0,0,rain,18.6,18.6,0,139.2,1023.7,79.9,12.5,9,Partly cloudy throughout the day.
2024-08-17,25,11.8,18.2,25,11.8,18.2,9.7,60.5,0,0,0,,18.2,18.2,0,180.3,1023.7,69.8,12.2,8,Partly cloudy throughout the day.
2024-08-18,23,13.4,17.5,23,13.4,17.5,11.3,68.2,0,0,0,,15.1,15.1,0.5,145.3,1024.7,79.3,12.2,6,Partly cloudy throughout the day.
2024-08-19,24,11.8,17.5,24,11.8,17.5,9.7,62.8,0,0,0,,24,24,0.4,142,1024.8,71.8,11.9,8,Partly cloudy throughout the day.
2024-08-20,23,12,17.5,23,12,17.5,10.6,65.8,0,0,0,,18.4,18.4,0.5,124.1,1024.5,87.3,11.8,7,Partly cloudy throughout the day.
2024-08-21,20,14,16.8,20,14,16.8,11.4,71,0,0,0,rain,16.9,16.9,0.1,142.9,1023.3,89,11.9,4,Partly cloudy throughout the day.
2024-08-22,22,14,17.3,22,14,17.3,11.7,70.9,0,0,0,rain,17.1,17.1,0,111.8,1023.2,88.8,11.8,8,Partly cloudy throughout the day.
2024-08-23,21.9,14.8,17.8,21.9,14.8,17.8,12.1,69.9,0,0,0,rain,17.5,17.5,0.4,81.6,1024.1,89.1,11.9,4,Partly cloudy throughout the day.
2024-08-24,20.1,14.9,17.2,20.1,14.9,17.2,11.7,70.6,0,0,0,,10.8,10.8,0,92,1025,89.6,12.2,4,Partly cloudy throughout the day.
2024-08-25,21,13,16.9,21,13,16.9,11.5,71.7,0.1,100,4.17,rain,17.3,17.3,0,48.7,1024.9,86.5,11.8,5,Partly cloudy throughout the day with morning rain.
2024-08-26,23.2,14,18.1,23.2,14,18.1,11.4,65.9,0,0,0,rain,17.3,17.3,0,54,1024.8,88.4,12.3,6,Partly cloudy throughout the day.
2024-08-27,24.1,16,19.1,24.1,16,19.1,13.4,71,0.1,100,4.17,rain,22.1,22.1,0,67.2,1023.4,81,15,9,Partly cloudy throughout the day with afternoon rain.
2024-08-28,25.9,14,19.6,25.9,14,19.6,13,68.9,0.2,100,8.33,rain,20.5,20.5,0,97.8,1023.5,83.5,14.3,8,Partly cloudy throughout the day with rain clearing later.
2024-08-29,27,15.8,20.4,26.6,15.8,20.3,12.3,63.2,0,0,0,rain,18.6,18.6,0,100.1,1024.6,80,11.8,8,Partly cloudy throughout the day.
2024-08-30,25.8,15.1,19.8,25.8,15.1,19.8,11.7,62.5,0,0,0,,23.7,23.7,0,92.7,1024.1,79.1,13.3,10,Partly cloudy throughout the day.
2024-08-31,24,12.1,17.9,24,12.1,17.9,10.7,65,0,0,0,,25,25,0,139,1023,68.9,16.1,8,Partly cloudy throughout the day.
2024-09-01,22.8,14,18,22.8,14,18,11.3,66.6,0,0,0,rain,17.5,17.5,0,194.7,1024.7,87.3,11.9,6,Partly cloudy throughout the day.
2024-09-02,22,14,17.5,22,14,17.5,11.2,68,0,0,0,rain,14.8,14.8,0.4,82.7,1025.3,81,12.1,5,Partly cloudy throughout the day.
2024-09-03,22.1,15,18.1,22.1,15,18.1,12.6,71.1,0,0,0,rain,14.6,14.6,0.2,86.4,1024.3,87.9,12.2,5,Partly cloudy throughout the day.
2024-09-04,21.1,15,17.2,21.1,15,17.2,12.7,76,0,0,0,rain,16.4,16.4,0,100,1024.9,89.6,11.6,4,Partly cloudy throughout the day.
2024-09-05,24,13.9,18.6,24,13.9,18.6,11,62.8,0,0,0,rain,18,18,0.2,89.1,1024.4,86.5,12.3,5,Partly cloudy throughout the day.
2024-09-06,21.9,15.1,18.1,21.9,15.1,18.1,12.2,69.9,0,0,0,rain,19.7,19.7,0.2,116.8,1024.5,80.5,13.2,5,Partly cloudy throughout the day.
2024-09-07,24.7,13.7,19,24.7,13.7,19,11,62.4,0,0,0,,22.1,22.1,0,115.6,1024.6,80.2,12.4,8,Partly cloudy throughout the day.
2024-09-08,27,14,19.9,26.5,14,19.8,11.1,60.5,0,0,0,,26.7,26.7,0.3,111.6,1024.9,76,12.2,8,Partly cloudy throughout the day.
2024-09-09,27.9,14.6,20.4,27,14.6,20.3,10.9,58,0,0,0,,33.5,33.5,0.3,121.8,1024,70.3,11.9,10,Partly cloudy throughout the day.
2024-09-10,27.9,14,21,26.9,14,20.8,11.2,57.4,0.4,100,12.5,rain,27.3,27.3,0,139.8,1023.7,64.2,12.1,9,Partly cloudy throughout the day with rain.
2024-09-11,28,12.9,20.5,26.8,12.9,20.3,8.8,53.3,0,0,0,,20.8,20.8,0,90.5,1023.4,25.4,11.9,10,Partly cloudy throughout the day.
2024-09-12,26.9,14.3,19.9,26.6,14.3,19.9,10.5,57.7,0,0,0,,24,24,0,128.8,1023.5,73.7,12.6,8,Partly cloudy throughout the day.
2024-09-13,26.8,12.1,19.4,26.3,12.1,19.3,9.8,57.9,0,0,0,,20.5,20.5,0,100.7,1024,60.4,11.6,10,Partly cloudy throughout the day.
2024-09-14,26.1,13,19.4,26.1,13,19.4,7.5,52.3,0,0,0,,22.7,22.7,0,123.7,1024.8,27.3,12.2,10,Clearing in the afternoon.
2024-09-15,28,12.7,20.1,26.9,12.7,20,9.2,53.9,0,0,0,,21.1,21.1,0,127.1,1023,47.5,12.9,10,Partly cloudy throughout the day.
2024-09-16,26.4,14,19.4,26.4,14,19.4,11.3,61.4,0,0,0,,24.1,24.1,0,104.5,1023.6,68.2,12.6,9,Partly cloudy throughout the day.
2024-09-17,25,14.7,18.9,25,14.7,18.9,11.3,63.2,0,0,0,rain,30.8,30.8,0.4,92.4,1025,84.5,12.1,7,Partly cloudy throughout the day.
2024-09-18,27,15,20.3,26.7,15,20.3,11.3,58.5,0,0,0,,35.2,35.2,0,79.6,1023,74.9,12.1,10,Partly cloudy throughout the day.
2024-09-19,27.7,14.9,20.5,27.2,14.9,20.4,12.2,61.7,0,0,0,rain,25.7,25.7,0,77.5,1020.9,78,12.2,10,Partly cloudy throughout the day.
2024-09-20,28.3,14.1,20.4,27.5,14.1,20.3,12.6,64.3,2,100,4.17,rain,18,18,0.2,143.2,1022,83.7,12.2,9,Partly cloudy throughout the day with late afternoon rain.
2024-09-21,26.9,15.8,19.9,26.8,15.8,19.9,13.7,69.8,0,0,0,rain,34.6,34.6,0,104.4,1022.8,87.1,11.4,9,Partly cloudy throughout the day.
2024-09-22,25.9,16.1,20.5,25.9,16.1,20.5,12.2,61.7,3,100,4.17,rain,26.9,26.9,0.5,102.1,1022.5,86.7,12.6,9,Partly cloudy throughout the day with morning rain.
2024-09-23,24,13.8,18.7,24,13.8,18.7,10.4,61,0,0,0,,17.6,17.6,0,123.6,1024,86,12.2,6,Partly cloudy throughout the day.
2024-09-24,26,13,19.3,26,13,19.3,10.8,59.9,0,0,0,,20.5,20.5,0,105.8,1021.6,76.2,15.3,6,Partly cloudy throughout the day.
2024-09-25,25,15.1,19.5,25,15.1,19.5,11.7,62.6,0,0,0,,18.4,18.4,0,109,1021.7,81.7,14.2,7,Partly cloudy throughout the day.
2024-09-26,28,13,20.1,27.3,13,20.1,11.6,61,0,0,0,,24.1,24.1,1.2,116.6,1021.3,58.9,15.7,9,Partly cloudy throughout the day.
2024-09-27,27.8,14,20.4,27.3,14,20.3,13.9,69,0,0,0,,25.9,25.9,0,69.2,1020.1,74,14.9,9,Partly cloudy throughout the day.
2024-09-28,28.1,14.1,18.4,27.5,14.1,18.4,14.1,79.1,2.2,100,16.67,rain,18.4,18.4,0,95.9,1016.6,66.5,17.2,9,Becoming cloudy in the afternoon with late afternoon rain.
2024-09-29,27.3,12.7,18.9,27,12.7,18.9,13.9,75.8,2.5,100,4.17,rain,31.7,31.7,0,119,1017.2,62.9,15.6,9,Partly cloudy throughout the day with afternoon rain.
2024-09-30,27,15,19.9,26.8,15,19.9,13.8,69.9,0.4,100,12.5,rain,24.1,24.1,0,108.5,1017.9,84.1,17,9,Partly cloudy throughout the day with rain in the morning and afternoon.
2024-10-01,27.9,16.8,21.6,27.1,16.8,21.5,12.9,60.8,0.2,100,4.17,rain,23.9,23.9,0,87.1,1020.8,81.8,12.1,9,Partly cloudy throughout the day with morning rain.
2024-10-02,25.1,16.9,20.3,25.1,16.9,20.3,13,65,0,0,0,rain,22.7,22.7,0.6,81.5,1020.5,77.6,13.3,8,Partly cloudy throughout the day.
2024-10-03,23.4,15.1,19.4,23.4,15.1,19.4,11.7,63.5,0,0,0,rain,20.6,20.6,0,90.5,1023.3,76.8,11.9,9,Partly cloudy throughout the day.
2024-10-04,26.8,12.6,19.1,26.3,12.6,19.1,9.7,58.1,0,0,0,rain,22.7,22.7,0,144,1024.1,37.4,12.4,10,Becoming cloudy in the afternoon.
2024-10-05,25,15.6,19.1,25,15.6,19.1,12.4,67.4,0,0,0,rain,17.1,17.1,0.4,118.8,1023.6,87.2,12.1,9,Partly cloudy throughout the day.
2024-10-06,24.1,15,18.9,24.1,15,18.9,12.1,67,0,0,0,rain,3.3,3.3,0.2,31.1,1023.2,87.3,12.2,7,Partly cloudy throughout the day.
2024-10-07,23.7,15.7,19.3,23.7,15.7,19.3,12.9,67.8,0,0,0,rain,24.3,24.3,0,70.3,1023.4,83.3,12.2,8,Partly cloudy throughout the day.
2024-10-08,26.2,15.9,20.3,26.2,15.9,20.3,12,61.7,0,0,0,rain,22.3,22.3,0,83.8,1024.1,77.1,12.6,9,Partly cloudy throughout the day.
2024-10-09,27,15.9,20.2,26.5,15.9,20.2,10.6,57.1,0,0,0,,20.9,20.9,0,93.9,1024.9,68.2,12.2,8,Partly cloudy throughout the day.
2024-10-10,25.1,15.5,19.3,25.1,15.5,19.3,10.9,60.6,0,0,0,rain,20.1,20.1,0,88.7,1024.3,75,12.1,9,Partly cloudy throughout the day.
2024-10-11,26.1,15.9,20.1,26.1,15.9,20.1,11,59.1,0,0,0,rain,25.9,25.9,0,133.3,1024,83.4,12.3,10,Partly cloudy throughout the day.
2024-10-12,26,14.9,19.7,26,14.9,19.7,10.8,60.2,0,0,0,rain,20.5,20.5,0,141.3,1024.7,74.3,12.4,10,Partly cloudy throughout the day.
2024-10-13,25,14.9,19.5,25,14.9,19.5,10.6,60.2,0.4,100,16.67,rain,24.1,24.1,0,128.7,1024.5,76,12.1,10,Partly cloudy throughout the day with rain clearing later.
2024-10-14,27.6,13.6,20.3,27,13.6,20.2,10,55.6,0,0,0,,25.9,25.9,0,92.8,1023.5,48.8,12,10,Becoming cloudy in the afternoon.
2024-10-15,28.5,14.8,20.3,27.9,14.8,20.3,12.5,63,0.7,100,8.33,rain,25.5,25.5,0,49.1,1022.3,84.3,12.6,9,Partly cloudy throughout the day with rain.
2024-10-16,27.9,16.9,21.3,27.3,16.9,21.2,12.7,60,0,0,0,,30.7,30.7,0,71,1023.1,82.4,12.3,8,Partly cloudy throughout the day.
2024-10-17,28,16.8,22.2,27.1,16.8,22.1,10.7,50.4,0,0,0,,21.9,21.9,0,78.4,1022.9,80.7,12.8,9,Partly cloudy throughout the day.
2024-10-18,26.9,14.9,19.2,26.8,14.9,19.2,13.4,70.8,3.7,100,12.5,rain,18.4,18.4,0,26.8,1022.3,76.9,12,9,Partly cloudy throughout the day with rain.
2024-10-19,24.3,16.9,19.3,24.3,16.9,19.3,15.7,80.5,2.7,100,25,rain,16.2,16.2,0,74,1019.1,79.6,14.7,6,Partly cloudy throughout the day with rain.
2024-10-20,24.8,16.9,20,24.8,16.9,20,15.5,77,7,100,4.17,rain,19.5,19.5,0,74.3,1020.7,88.6,14.7,6,Partly cloudy throughout the day with late afternoon rain.
2024-10-21,26.1,16.8,20.8,26.1,16.8,20.8,12.8,62.9,0,0,0,rain,23.7,23.7,0,91.8,1023.2,80.7,11.8,10,Partly cloudy throughout the day.
2024-10-22,26.9,15.6,20.8,26.4,15.6,20.8,11.3,57.9,0,0,0,,21.7,21.7,0,105.2,1023.3,72.7,12.2,9,Partly cloudy throughout the day.
2024-10-23,27,15.8,20.9,26.5,15.8,20.8,11.1,56.9,0,0,0,,19.5,19.5,0.2,79.1,1023.1,69.5,12,10,Partly cloudy throughout the day.
2024-10-24,27.1,16,21.2,27,16,21.2,12.3,58.7,0,0,0,rain,20.5,20.5,0,73.1,1020.5,58.5,14,8,Partly cloudy throughout the day.
2024-10-25,28,16.2,21.5,27.3,16.2,21.5,12.5,59.6,0,0,0,rain,22.1,22.1,0,87.8,1020.3,70.1,13.9,10,Partly cloudy throughout the day.
2024-10-26,27.9,17.5,22.2,27.1,17.5,22.1,11.8,54.2,0,0,0,rain,29.9,29.9,0,79.5,1022,68.3,12.4,10,Partly cloudy throughout the day.
2024-10-27,27.9,18.6,22.7,27.2,18.6,22.5,12,53.9,0,0,0,rain,22.1,22.1,0,75.4,1021.9,73.4,12,9,Partly cloudy throughout the day.
2024-10-28,28.1,17.8,21.6,27.4,17.8,21.6,12.8,59.3,0,0,0,rain,20.5,20.5,0.5,78,1018.6,89.3,16.3,10,Partly cloudy throughout the day.
2024-10-29,28.1,15,21.3,27.2,15,21.2,11.4,56.8,0,0,0,,20.5,20.5,7.6,65.1,1018.5,53.5,14.4,10,Partly cloudy throughout the day.
2024-10-30,29.2,14.7,21.9,27.7,14.7,21.7,9.2,48.1,0,0,0,,31.2,31.2,0,80.6,1016.4,23.4,19.2,10,Becoming cloudy in the afternoon.
2024-10-31,28.8,14.9,22.2,27.6,14.9,21.9,9.9,49.3,0,0,0,,20.3,20.3,0,98.7,1021.1,47.1,12.6,10,Partly cloudy throughout the day.
2024-11-01,26.4,17.8,21.7,26.4,17.8,21.7,12.3,56.8,0,0,0,rain,26.7,26.7,0.8,70.7,1022.5,74.1,12.1,8,Partly cloudy throughout the day.
2024-11-02,27,16.1,21,26.7,16.1,21,11.3,57.4,0,0,0,rain,24.1,24.1,0,91,1022.8,69.4,12.2,9,Partly cloudy throughout the day.
2024-11-03,27.8,16.7,21.6,26.8,16.7,21.5,11.2,55.8,0.1,100,4.17,rain,22.1,22.1,0,77.3,1022.8,64,12.3,8,Partly cloudy throughout the day with morning rain.
2024-11-04,27.9,17,22.3,27,17,22.2,11.4,53.2,0.1,100,4.17,rain,23.1,23.1,0,84,1021.8,72,11.8,10,Partly cloudy throughout the day with morning rain.
2024-11-05,26.9,17.5,21.2,26.7,17.5,21.2,13.3,62.7,0,0,0,rain,26.3,26.3,0,72.5,1021,82.8,12.1,9,Partly cloudy throughout the day.
2024-11-06,26,16.6,20,26,16.6,20,14.2,71.6,0,0,0,rain,18.6,18.6,0.6,51,1022.1,83.8,11.9,7,Partly cloudy throughout the day.
2024-11-07,22.4,16.9,18.9,22.4,16.9,18.9,15,78.9,4,100,8.33,rain,5.9,5.9,0.6,18.2,1023.3,87.7,12,8,Partly cloudy throughout the day with rain in the morning and afternoon.
2024-11-08,25,15.9,19.3,25,15.9,19.3,13.5,71.8,8,100,4.17,rain,9.4,9.4,0,47.7,1023.1,75.8,12,9,Partly cloudy throughout the day with morning rain.
2024-11-09,25,16.1,20.3,25,16.1,20.3,13.3,66.4,0,0,0,rain,9.7,9.7,0,37.9,1021.8,73.1,12.1,8,Partly cloudy throughout the day.
2024-11-10,24,17,19.8,24,17,19.8,14,70.4,0,0,0,rain,4,4,0.2,25.2,1021.8,77.5,12.2,9,Partly cloudy throughout the day.
2024-11-11,23,15,18.4,23,15,18.4,13.4,74,0,0,0,rain,5.1,5.1,0.4,11.2,1023.5,75.2,12.8,4,Partly cloudy throughout the day.
2024-11-12,26.1,15.9,20.5,26.1,15.9,20.5,12.5,63.3,0,0,0,rain,3.6,3.6,0.5,15.9,1022.6,66.9,12.9,8,Partly cloudy throughout the day.
2024-11-13,25.1,17.6,19.7,25.1,17.6,19.7,14.5,73.2,0.4,100,4.17,rain,4.7,4.7,0,16,1021.6,80.3,11.9,9,Partly cloudy throughout the day with morning rain.
2024-11-14,26,16,20.3,26,16,20.3,14.5,71.2,0.2,100,8.33,rain,27.3,27.3,0,59.5,1021.2,88.2,11.6,9,Partly cloudy throughout the day with rain.
2024-11-15,22.1,16.8,18.9,22.1,16.8,18.9,15.1,79.3,0,0,0,rain,27.7,27.7,0,59.6,1021.4,88.7,11.8,7,Partly cloudy throughout the day.
2024-11-16,19.1,15.5,17.2,19.1,15.5,17.2,14.8,85.9,10,100,4.17,rain,16.6,16.6,0,40,1021.9,91.6,10.7,2,Cloudy skies throughout the day with late afternoon rain.
2024-11-17,24.6,15.1,19.7,24.6,15.1,19.7,13.2,68.5,0,0,0,rain,19.7,19.7,0.1,45.1,1021.3,87.6,11.3,10,Partly cloudy throughout the day.
2024-11-18,25.9,14.7,20.7,25.9,14.7,20.7,12.3,60.8,0,0,0,rain,14.8,14.8,0,29.4,1020.8,77.5,11.8,8,Partly cloudy throughout the day.
2024-11-19,26.1,17,21,26.1,17,21,14.5,69.2,0.6,100,16.67,rain,13,13,0,40.4,1021.8,79.9,10,8,Partly cloudy throughout the day with rain in the morning and afternoon.
2024-11-20,25.6,15.9,19.7,25.6,15.9,19.7,15.1,76.4,0.8,100,29.17,rain,14.8,14.8,0,55.4,1020.2,81.7,12.5,9,Partly cloudy throughout the day with rain in the morning and afternoon.
2024-11-21,23.1,15.8,19.2,23.1,15.8,19.2,15.4,79.8,9,100,58.33,rain,5.4,5.4,0,38,1021,87,12.1,5,Partly cloudy throughout the day with a chance of rain throughout the day.
2024-11-22,25,16.7,20.3,25,16.7,20.3,14.6,71.6,0,0,0,rain,19,19,0,67.1,1021.4,87.5,11.2,10,Partly cloudy throughout the day.
2024-11-23,25,16.8,20.1,25,16.8,20.1,14.9,74.4,0,0,0,rain,10.6,10.6,0,24,1022.4,80.4,10.5,9,Partly cloudy throughout the day.
2024-11-24,25,17.7,20.2,25,17.7,20.2,15.5,76.4,0.7,100,4.17,rain,15.3,15.3,0.6,41.7,1022.4,87.4,11.8,8,Partly cloudy throughout the day with morning rain.
2024-11-25,23,16.6,18.2,23,16.6,18.2,15.3,83.9,0.3,100,4.17,rain,18.8,18.8,0,35.5,1021.9,85.7,11.4,6,Partly cloudy throughout the day with late afternoon rain.
2024-11-26,25.1,15.8,20,25.1,15.8,20,14,71.1,0,0,0,rain,19,19,0,70.2,1021.5,75.4,12.4,9,Partly cloudy throughout the day.
2024-11-27,23,17,19.6,23,17,19.6,14.8,74.8,0.6,100,12.5,rain,9.6,9.6,0,48.3,1022.1,86.4,12,5,Partly cloudy throughout the day with rain.
2024-11-28,26.1,17.6,20.9,26.1,17.6,20.9,14.6,69.6,1,100,4.17,rain,21.7,21.7,0,68.7,1022.8,79.4,12.3,8,Partly cloudy throughout the day with morning rain.
2024-11-29,26.1,15.7,20.5,26.1,15.7,20.5,14.7,72.4,0.1,100,4.17,rain,37.6,37.6,0,75,1023.1,71.8,12,9,Partly cloudy throughout the day with late afternoon rain.
2024-11-30,25.3,14.6,19.4,25.3,14.6,19.4,13.9,72.7,0,0,0,rain,31.8,31.8,0,52.1,1022.6,66.8,12.6,10,Partly cloudy throughout the day.
2024-12-01,25.1,16.4,20,25.1,16.4,20,14.4,72.2,0.1,100,4.17,rain,30.8,30.8,0,76.7,1021.8,86.4,10.3,7,Partly cloudy throughout the day with late afternoon rain.
2024-12-02,24,16.8,19.6,24,16.8,19.6,14.1,72.6,9,100,4.17,rain,26.1,26.1,0,76.3,1020.7,89,11.9,7,Partly cloudy throughout the day with morning rain.
2024-12-03,24.1,16.9,19.9,24.1,16.9,19.9,13.6,69.1,2,100,4.17,rain,23.7,23.7,0,74.1,1021.1,84.6,12,9,Partly cloudy throughout the day with morning rain.
2024-12-04,24.9,16.5,20.2,24.9,16.5,20.2,12.7,64.1,0,0,0,,32.2,32.2,0,69.4,1021.4,84.6,12.1,10,Partly cloudy throughout the day.
2024-12-05,25,16.8,20.6,25,16.8,20.6,12.1,60.1,0,0,0,,18.4,18.4,0,74.3,1022.2,73.6,12,8,Partly cloudy throughout the day.
2024-12-06,26,16.9,20.5,26,16.9,20.5,12.5,62.2,0,0,0,rain,22,22,0,72.4,1021.6,75.9,12.3,9,Partly cloudy throughout the day.
2024-12-07,26,16,20.8,26,16,20.8,10.4,55.8,0,0,0,rain,20.3,20.3,0,66.8,1022.1,37.3,12.9,10,Partly cloudy throughout the day.
2024-12-08,26,15.8,20.8,26,15.8,20.8,11.2,57.2,0,0,0,rain,28.9,28.9,0,68.9,1022.6,45.9,12.5,9,Partly cloudy throughout the day.
2024-12-09,26,16.4,20.4,26,16.4,20.4,12.7,63.6,0,0,0,rain,32.2,32.2,0,78.1,1021.6,60.9,13.5,9,Partly cloudy throughout the day.
2024-12-10,25.7,16.3,20.5,25.7,16.3,20.5,13.3,65.4,0,0,0,rain,35.6,35.6,0.2,72.9,1021.6,71.7,12.4,7,Partly cloudy throughout the day.
2024-12-11,26,16,20.3,26,16,20.3,13,66.4,0,0,0,rain,19.2,19.2,0.9,68.4,1022,78.5,12,9,Partly cloudy throughout the day.
2024-12-12,26,16.4,20.5,26,16.4,20.5,13.1,65.4,0,0,0,rain,20.1,20.1,0,65.7,1021.8,77.1,12,9,Partly cloudy throughout the day.
2024-12-13,27.9,16.6,21.5,27.1,16.6,21.4,12.8,61.3,0,0,0,rain,26.5,26.5,0,62.1,1020.7,53.1,12.4,8,Partly cloudy throughout the day.
2024-12-14,28.9,17.7,22.2,27.9,17.7,22.1,13.2,60.2,0,0,0,rain,18.5,18.5,0,70.2,1021.4,59.5,12.2,8,Partly cloudy throughout the day.
2024-12-15,27,17.9,21.6,26.9,17.9,21.6,14,64.3,0,0,0,rain,25.9,25.9,0.2,68.2,1021.7,71.6,12.7,9,Partly cloudy throughout the day.
2024-12-16,25,16.7,20.5,25,16.7,20.5,13,64.6,0,0,0,rain,29.5,29.5,0,64.7,1022.1,74,13,9,Partly cloudy throughout the day.
2024-12-17,26,16.7,20.5,26,16.7,20.5,13.5,66.6,0,0,0,rain,34.2,34.2,0,64.6,1022.7,82.9,12.1,8,Partly cloudy throughout the day.
2024-12-18,26.8,16.1,20.6,26.6,16.1,20.6,13.6,67.8,0.6,100,25,rain,22,22,1.1,66.7,1021.2,74.4,13.7,10,Partly cloudy throughout the day with rain in the morning and afternoon.
2024-12-19,25.2,16.8,19.2,25.2,16.8,19.2,15.2,79.3,0.5,100,8.33,rain,18.6,18.6,0,142.3,1023.3,88.6,11.2,7,Partly cloudy throughout the day with late afternoon rain.
2024-12-20,25.1,16,19.9,25.1,16,19.9,14.1,71.7,0,0,0,rain,18,18,0,64.2,1022.7,87.8,12.3,6,Partly cloudy throughout the day.
2024-12-21,24.6,15.9,18.9,24.6,15.9,18.9,15.1,79.8,0.8,100,8.33,rain,17.8,17.8,0,102.7,1023.5,87.8,12.1,7,Partly cloudy throughout the day with rain.
2024-12-22,24,16.8,19.9,24,16.8,19.9,14.7,73.4,0,0,0,rain,21.9,21.9,0,78.3,1022.8,86.8,12.3,8,Partly cloudy throughout the day.
2024-12-23,25,17.1,20.4,25,17.1,20.4,14.5,71,0,0,0,rain,26.9,26.9,0.5,74,1022.2,79.4,11.9,7,Partly cloudy throughout the day.
2024-12-24,25,16.9,20.3,25,16.9,20.3,14.2,69.2,0,0,0,rain,30.2,30.2,0.4,76.9,1022.5,83.9,11.8,9,Partly cloudy throughout the day.
2024-12-25,24.1,16.9,19.7,24.1,16.9,19.7,14.7,74.6,0.1,100,4.17,rain,35.3,35.3,0,79.8,1022.7,86.6,12.7,8,Partly cloudy throughout the day with afternoon rain.
2024-12-26,25,16.7,20.1,25,16.7,20.1,13.4,68.5,0.5,100,12.5,rain,21.5,21.5,0,71.2,1023.3,79.4,12.3,8,Partly cloudy throughout the day with afternoon rain.
2024-12-27,24,16,19.8,24,16,19.8,12.6,65.7,0,0,0,rain,30.4,30.4,0,67.3,1023.1,58,12.4,9,Partly cloudy throughout the day.
2024-12-28,25,15.8,20.2,25,15.8,20.2,11.7,60.2,0,0,0,,24.1,24.1,0,72.4,1023.4,57.3,12.2,9,Partly cloudy throughout the day.
2024-12-29,26,15,20.7,26,15,20.7,11.5,58.2,0,0,0,,20.5,20.5,0,74.9,1022.5,28.9,13,10,Partly cloudy throughout the day.
2024-12-30,26,15.9,20.6,26,15.9,20.6,12,59.6,0,0,0,,20.7,20.7,0,79.2,1022.5,34.2,12.4,9,Partly cloudy throughout the day.
2024-12-31,26,15.8,20.7,26,15.8,20.7,13,63.7,0,0,0,rain,30.7,30.7,0,70.7,1022.4,65.9,12.4,9,Partly cloudy throughout the day.
2025-01-01,25.6,17,21,25.6,17,21,13.2,62.4,0.2,100,8.33,rain,34.6,34.6,0,74.1,1021.7,66,12.1,9,Partly cloudy throughout the day with afternoon rain.
2025-01-02,25.6,16.6,20.6,25.6,16.6,20.6,11.8,59.2,0,0,0,,33.5,33.5,0,69.6,1021.5,47.5,13.2,9,Clearing in the afternoon.
2025-01-03,25,15.7,20.2,25,15.7,20.2,11.2,58.5,0,0,0,,33.5,33.5,0,76.6,1022.4,64.1,12.4,9,Partly cloudy throughout the day.
2025-01-04,25.9,17,20.7,25.9,17,20.7,12.3,60.4,0,0,0,,35.4,35.4,0,68.5,1022.2,82.5,12.2,8,Partly cloudy throughout the day.
2025-01-05,25,16.8,20.2,25,16.8,20.2,12.5,62.8,0,0,0,,32.4,32.4,0.9,71.4,1022.3,74,12.2,9,Partly cloudy throughout the day.
2025-01-06,25,14,19.6,25,14,19.6,10.8,58.9,0,0,0,,37.1,37.1,0,70.1,1022.2,19.3,12.4,10,Clear conditions throughout the day.
2025-01-07,27,14,20.3,26.3,14,20.2,8.9,51.8,0,0,0,,18.4,18.4,0,64.4,1022.3,21.7,12.5,10,Clearing in the afternoon.
2025-01-08,28,13.8,21,26.9,13.8,20.9,9.8,53.8,0,0,0,,22.1,22.1,0,75.5,1021.6,33.6,11.9,9,Becoming cloudy in the afternoon.
2025-01-09,28,15.2,21.5,27.3,15.2,21.5,12.1,57.1,2.4,100,16.67,rain,33.5,33.5,0,77.9,1021.1,72,11.9,8,Partly cloudy throughout the day with rain.
2025-01-10,26.4,17,21,26.4,17,21,13.2,62.8,0.4,100,8.33,rain,27.7,27.7,0,65.5,1022.6,83.4,11.8,9,Partly cloudy throughout the day with rain.
2025-01-11,26,16.7,21.1,26,16.7,21.1,12.7,61.8,0,0,0,rain,20.5,20.5,0,83.1,1022.2,84.5,12.7,8,Partly cloudy throughout the day.
2025-01-12,27,16.1,21.8,26.5,16.1,21.7,12.1,57.5,0,0,0,rain,31.2,31.2,0,78,1020.5,83.6,13.5,8,Partly cloudy throughout the day.
2025-01-13,27,17,22,26.7,17,21.9,12.2,56.4,0,0,0,rain,36.4,36.4,0,75.7,1020.2,74,12.3,9,Partly cloudy throughout the day.
2025-01-14,26,16.6,20.9,26,16.6,20.9,9.6,50.4,0,0,0,,27.5,27.5,0,66.6,1020.5,59.9,12.4,10,Partly cloudy throughout the day.
2025-01-15,24,14.5,18.6,24,14.5,18.6,9.7,57.7,0,0,0,,32.2,32.2,0.4,52.7,1022.3,72.5,12.1,9,Partly cloudy throughout the day.
2025-01-16,25.1,14.6,19.8,25.1,14.6,19.8,9.5,53.4,0,0,0,,36.6,36.6,0,69.5,1022.2,38.7,12.8,10,Partly cloudy throughout the day.
2025-01-17,26.1,14.8,20.3,26.1,14.8,20.3,9.6,52.8,0,0,0,,22.2,22.2,0,61.9,1021.4,40.8,13.3,9,Partly cloudy throughout the day.
2025-01-18,28.9,13.8,21.5,27.4,13.8,21.2,8.7,48.7,0,0,0,,32,32,0,68.4,1020.9,34.7,12.4,9,Partly cloudy throughout the day.
2025-01-19,28.7,17.6,22.5,27.5,17.6,22.3,11.4,52.2,0.1,100,4.17,rain,26.9,26.9,0,64.1,1020.6,56.8,12.6,8,Partly cloudy throughout the day with morning rain.
2025-01-20,29,16,22.5,27.5,16,22.2,9.6,48,0,0,0,,19,19,0,53.1,1020.4,28.4,12.2,9,Clearing in the afternoon.
2025-01-21,28.9,16.5,22.3,27.6,16.5,22.1,10.4,49.7,0,0,0,,34.8,34.8,0,62.1,1021.3,38.5,12,10,Partly cloudy throughout the day.
2025-01-22,28.1,15.3,21.7,27.3,15.3,21.5,10.8,53,0,0,0,,19,19,0,60.4,1019.8,37,14.8,8,Partly cloudy throughout the day.
2025-01-23,27.9,13.7,21.2,27.2,13.7,21.1,11.6,57.6,0,0,0,,22.3,22.3,0,49.2,1018.9,47.3,15.8,10,Becoming cloudy in the afternoon.
2025-01-24,28.1,16,21.6,27.4,16,21.6,12.4,57.3,0,0,0,,23.7,23.7,0.5,48,1020.2,53.2,11.3,9,Partly cloudy throughout the day.
2025-01-25,28.9,15.6,21,27.7,15.6,20.9,11.9,60,2.4,100,20.83,rain,19.3,19.3,0,22.6,1020.5,69.1,11.7,9,Partly cloudy throughout the day with rain.
2025-01-26,27.1,16,19.4,26.7,16,19.3,13.9,73.6,3.9,100,29.17,rain,18.4,18.4,0,71.7,1021.6,87.7,11.9,8,Partly cloudy throughout the day with rain.
2025-01-27,25,16.7,19.3,25,16.7,19.3,14.6,76,0.8,100,20.83,rain,16.8,16.8,0,53.4,1021.2,87.1,12,8,Partly cloudy throughout the day with early morning rain.
2025-01-28,25,16,18.9,25,16,18.9,14.6,77.5,0,0,0,rain,20.5,20.5,0,336.7,1021.3,83.3,11.8,9,Partly cloudy throughout the day.
2025-01-29,27,15.3,20.3,26.8,15.3,20.3,13.3,67.7,0.1,100,4.17,rain,15.7,15.7,0,352.3,1021.8,80.3,12,7,Partly cloudy throughout the day with morning rain.
2025-01-30,21.9,15,18,21.9,15,18,14.5,80.3,0.6,100,12.5,rain,27.3,27.3,0,260.5,1022.3,88.2,12.2,7,Partly cloudy throughout the day with rain.
2025-01-31,26.7,14.5,20.2,26.7,14.5,20.2,12.5,65.1,16,100,4.17,rain,33,33,0,76.4,1020.3,73.4,12.5,9,Partly cloudy throughout the day with morning rain.
2025-02-01,26,17.6,21.6,26,17.6,21.6,12.8,58.7,0,0,0,rain,18.8,18.8,0.4,65.5,1020.8,74.6,11.9,8,Partly cloudy throughout the day.
2025-02-02,26,16.8,21.1,26,16.8,21.1,13.3,63.1,0.1,100,4.17,rain,17.5,17.5,0,80.7,1020.3,87.2,12.5,7,Partly cloudy throughout the day with late afternoon rain.
2025-02-03,26,18,21.6,26,18,21.6,12,55.8,0,0,0,,33.9,33.9,0,82.4,1019.9,62.8,12.5,10,Partly cloudy throughout the day.
2025-02-04,24.1,16.6,20.4,24.1,16.6,20.4,11.6,57.6,0,0,0,,32.6,32.6,0.5,70.7,1020.5,69.5,12.5,9,Partly cloudy throughout the day.
2025-02-05,26,14.8,20.5,26,14.8,20.5,10.2,53.3,0,0,0,,35.6,35.6,0,63.6,1020.5,62.3,12,10,Becoming cloudy in the afternoon.
2025-02-06,26.8,15.8,21.1,26.4,15.8,21.1,10.8,53.2,0,0,0,,22.3,22.3,0,67.3,1019.4,45.2,12.4,10,Partly cloudy throughout the day.
2025-02-07,26.1,17,21.3,26.1,17,21.3,11.7,56.6,0,0,0,,30.8,30.8,0,74.8,1020.8,67.3,12.1,9,Partly cloudy throughout the day.
2025-02-08,28,16.7,22.3,27,16.7,22.1,10.7,52,0,0,0,,20.3,20.3,0,82.1,1020.9,60.4,13.2,10,Partly cloudy throughout the day.
2025-02-09,28.3,17,22.7,27.3,17,22.5,11.6,51.9,0,0,0,,20.5,20.5,0,83.5,1021.2,63.3,12.1,9,Partly cloudy throughout the day.
2025-02-10,28,18,22.6,27,18,22.5,12.5,56.2,0,0,0,,32.8,32.8,0,67.2,1020,49.9,11.9,10,Clearing in the afternoon.
2025-02-11,27,16.7,21.6,26.7,16.7,21.6,12.5,58.8,0,0,0,,33.7,33.7,1.1,65.4,1020.6,47.2,11.8,9,Partly cloudy throughout the day.
2025-02-12,26.6,16,20.4,26.6,16,20.4,13.8,67.5,0,0,0,rain,37.1,37.1,0,68.7,1018.3,68.3,16.5,8,Partly cloudy throughout the day.
2025-02-13,25.1,16.2,20.6,25.1,16.2,20.6,14.3,69,0.1,100,4.17,rain,23.9,23.9,0,70.7,1019.6,69.4,15.4,8,Partly cloudy throughout the day with morning rain.
2025-02-14,27,15.7,21.6,26.6,15.7,21.6,12.4,59.3,0,0,0,,24.1,24.1,0.4,69.6,1021.6,50.3,12,10,Partly cloudy throughout the day.
2025-02-15,29,17.2,23.1,27.7,17.2,22.9,11.5,51.4,0,0,0,,25.7,25.7,0,68.3,1021.7,49.9,12.2,10,Clearing in the afternoon.
2025-02-16,28.2,18.8,23.1,27.4,18.8,23,13.3,56.6,0.1,100,4.17,rain,29.4,29.4,0,73.5,1019.8,66.5,13.4,9,Partly cloudy throughout the day with morning rain.
2025-02-17,28,17.7,22.3,27.1,17.7,22.2,12,55.8,0,0,0,,36.5,36.5,0,62,1020.8,42.4,12.2,10,Partly cloudy throughout the day.
2025-02-18,28,18.8,22.6,26.9,18.8,22.4,9.4,45.3,0,0,0,,33.5,33.5,0.6,63.5,1021.7,35.5,12.3,10,Partly cloudy throughout the day.
2025-02-19,29,15.3,22.4,27.5,15.3,22.1,7.4,42.5,0,0,0,,20.5,20.5,0,67,1021.7,10.3,12.1,10,Clear conditions throughout the day.
2025-02-20,29.1,15.6,22.8,27.4,15.6,22.4,8.2,44.2,0,0,0,,20.7,20.7,0,58.6,1021,16.6,11.9,10,Clear conditions throughout the day.
2025-02-21,29,14.6,22.2,27.5,14.6,21.9,4.9,37.1,0,0,0,,37.6,37.6,0,67.5,1020.8,11.1,12.3,10,Clear conditions throughout the day.
2025-02-22,28.1,14,21.6,26.9,14,21.4,6.4,40.4,0,0,0,,46.8,46.8,0,77.4,1022.2,10.5,12.1,10,Clear conditions throughout the day.
2025-02-23,28,12.1,21.8,26.7,12.1,21.5,7.3,43.8,0,0,0,,35.6,35.6,0.4,70.7,1022.6,25.7,12.1,10,Partly cloudy throughout the day.
2025-02-24,28,14.4,21.8,27,14.4,21.6,8.6,46.9,0,0,0,,36.5,36.5,0,70.3,1022.9,23.8,12.3,10,Partly cloudy throughout the day.
2025-02-25,28.1,15,21.9,26.9,15,21.6,8.1,45,0,0,0,,35.6,35.6,0.9,70.4,1022.2,23.3,12.6,10,Partly cloudy throughout the day.
2025-02-26,28,14.9,21.7,26.8,14.9,21.5,6.6,39.7,0,0,0,,32.2,32.2,0,61.9,1021.6,25.8,15.3,10,Partly cloudy throughout the day.
2025-02-27,30.2,15.2,22.8,28.3,15.2,22.4,3.8,32.8,0,0,0,,25.5,25.5,0.3,60.3,1017.9,10.4,19.5,10,Clear conditions throughout the day.
2025-02-28,30.1,14.2,23.3,28.3,14.2,22.8,5.5,34.8,0,0,0,,32.4,32.4,0.6,67.3,1022.3,16.4,12,10,Clear conditions throughout the day.
2025-03-01,30,15.9,22.6,28.4,15.9,22.3,9.4,46.2,0,0,0,,31.3,31.3,0,60.2,1021.2,28.3,12.6,10,Clearing in the afternoon.
2025-03-02,29,17.6,22.7,27.6,17.6,22.5,11,50.2,0,0,0,,31.6,31.6,0,73.7,1021.4,44.7,12.4,10,Partly cloudy throughout the day.
2025-03-03,29.1,16.9,22.8,27.6,16.9,22.5,9.7,49,0,0,0,,32.4,32.4,0,84,1020.3,29.1,12.9,10,Clearing in the afternoon.
2025-03-04,29,17.7,22.5,27.6,17.7,22.3,10.9,51.1,0,0,0,,30.7,30.7,0.8,86.4,1020.6,51.5,12.5,10,Partly cloudy throughout the day.
2025-03-05,28.7,17.6,22.6,27.6,17.6,22.4,11,51.6,0,0,0,,20.3,20.3,0.9,86.2,1018.5,52.9,16,10,Partly cloudy throughout the day.
2025-03-06,29,16.7,22.6,27.6,16.7,22.4,9.5,46.9,0,0,0,rain,18.6,18.6,0.9,76.2,1021.4,36.1,12.5,10,Partly cloudy throughout the day.
2025-03-07,30,17,23.5,28.6,17,23.1,11.3,49.7,0,0,0,,22.3,22.3,0,85,1021.2,50.5,12,9,Partly cloudy throughout the day.
2025-03-08,28.3,18,23.3,27.4,18,23.2,12.9,54.6,0,0,0,rain,35.8,35.8,0,82,1019.8,86.2,11.9,8,Partly cloudy throughout the day.
2025-03-09,28.9,18,22.7,28,18,22.6,14.1,61.1,0,0,0,rain,33.7,33.7,1.1,103.7,1019.1,87,12,9,Partly cloudy throughout the day.
2025-03-10,25.3,16.8,20.2,25.3,16.8,20.2,14.7,72.8,19,100,4.17,rain,30.2,30.2,0,273.5,1021.4,89,11.2,4,Partly cloudy throughout the day with late afternoon rain.
2025-03-11,27.1,18,21.8,27.1,18,21.8,14.1,63.6,0,0,0,rain,22.9,22.9,0.6,54.4,1020.7,84.3,12.4,10,Partly cloudy throughout the day.
2025-03-12,26,17,20.8,26,17,20.8,14.8,70.4,0.9,100,16.67,rain,27.7,27.7,0,80.1,1021.5,88.2,11.5,8,Partly cloudy throughout the day with rain.
2025-03-13,27,17.9,21.4,26.8,17.9,21.4,14.2,66.4,0,0,0,rain,19,19,0,70.3,1021.2,78.1,11.9,8,Partly cloudy throughout the day.
2025-03-14,29.2,15.9,23,27.7,15.9,22.7,9.9,48.6,0,0,0,,21.6,21.6,0,68.1,1019.9,25.1,12.4,10,Partly cloudy throughout the day.
2025-03-15,29,15.3,22.8,27.6,15.3,22.5,10.7,49.4,0,0,0,,23.6,23.6,0,70.8,1021.4,41.5,12.4,10,Partly cloudy throughout the day.
2025-03-16,28.1,17.8,22.8,27,17.8,22.5,11.9,54.4,0.2,100,8.33,rain,18.4,18.4,0,99,1022.3,66.5,11.9,9,Partly cloudy throughout the day with rain.
2025-03-17,27.1,15.8,20.9,26.9,15.8,20.9,13.4,65.2,0.3,100,12.5,rain,24.1,24.1,0,80.7,1020.7,72.1,14.3,8,Partly cloudy throughout the day with rain clearing later.
2025-03-18,24.9,17,20.8,24.9,17,20.8,14.5,68.7,0.1,100,4.17,rain,30.7,30.7,0.4,77.4,1021.6,85.4,11.9,9,Partly cloudy throughout the day with morning rain.
2025-03-19,25,16.1,20,25,16.1,20,14.9,74.1,0.4,100,16.67,rain,18.8,18.8,0,82.4,1022.3,79.3,12.4,7,Partly cloudy throughout the day with rain.
2025-03-20,23.8,16,19.3,23.8,16,19.3,14.1,73.6,9.4,100,8.33,rain,35.6,35.6,0,64,1024,80.2,12.4,7,Partly cloudy throughout the day with rain.
2025-03-21,27,15,20.6,26.7,15,20.6,13.4,65.5,0,0,0,rain,28.7,28.7,0,71.2,1024.8,77.5,12.6,9,Partly cloudy throughout the day.
2025-03-22,26,15.7,21.2,26,15.7,21.2,14.6,67.6,0,0,0,rain,25.5,25.5,0,71.2,1022.7,73.5,13.5,9,Partly cloudy throughout the day.
2025-03-23,25.1,17.9,21,25.1,17.9,21,14.5,67.7,0.1,100,4.17,rain,32.6,32.6,0,68.5,1022.4,79,13.3,9,Partly cloudy throughout the day with afternoon rain.
2025-03-24,26,17.9,21.1,26,17.9,21.1,14.3,66.7,0,0,0,rain,26.1,26.1,0,80.6,1023.6,78.6,13.4,9,Partly cloudy throughout the day.
2025-03-25,26.2,15.9,20.9,26.2,15.9,20.9,14.2,67.8,1,100,4.17,rain,26.7,26.7,0.2,77.5,1022.7,79.2,12.1,9,Partly cloudy throughout the day with morning rain.
2025-03-26,25,16.8,20.3,25,16.8,20.3,13.8,68.3,2,100,4.17,rain,29.5,29.5,0.9,65.8,1021.4,63.9,12.3,6,Partly cloudy throughout the day with morning rain.
2025-03-27,23.9,17.6,19.8,23.9,17.6,19.8,14.8,73.4,2,100,4.17,rain,20.5,20.5,0,60.8,1020.2,59.8,12.9,8,Partly cloudy throughout the day with morning rain.
2025-03-28,23.7,17,19.1,23.7,17,19.1,15.7,81.7,4,100,70.83,rain,13.4,13.4,0,77.8,1017.6,88.8,17.1,7,Partly cloudy throughout the day with a chance of rain throughout the day.
2025-03-29,25.1,15.7,20,25.1,15.7,20,15.1,75.6,0.9,100,25,rain,19.6,19.6,0.9,60.8,1018.4,91.3,17.4,8,Cloudy skies throughout the day with early morning rain.
2025-03-30,26,17.9,20.9,26,17.9,20.9,15.1,71.4,3,100,4.17,rain,23.5,23.5,0.5,84.6,1021.4,88.2,12,9,Partly cloudy throughout the day with late afternoon rain.
2025-03-31,24.9,17,19.4,24.9,17,19.4,15.7,80.4,0.4,100,8.33,rain,27.5,27.5,0.9,88.3,1021.4,74.9,10.5,9,Partly cloudy throughout the day with rain.
2025-04-01,25.1,15.3,20.3,25.1,15.3,20.3,13.6,69.2,0.4,100,16.67,rain,18.4,18.4,0,80,1020.6,63.3,10.6,10,Partly cloudy throughout the day with rain.
